,Firearm Prevalence,Homicides,Firearm Homicides,Armed_Robberies,Fireaarm  licenses
0,0.0181276,0.142382529,0.153057101,-0.780405394,0.091176091
1,-0.025950692,0.085256523,0.122034717,0.200919388,0.031498111
2,0.047582896,0.21490147,0.314903603,-0.433146668,0.009117611
3,0.150921875,0.376106049,0.45617552,0.854373783,-0.038866074
4,-0.062293771,-0.104868372,-0.201005168,-0.730102531,0.21618305
5,-0.167015161,-0.335816853,-0.472562002,-0.175215656,-0.215566895
6,0.03696662,0.105263948,0.246834523,0.202460876,0.158358019
7,-0.039365404,-0.516227742,-0.58075711,0.405423047,-0.156954701
8,0.074937183,0.001575322,0.105925881,-0.30965264,0.042597235
9,0.023992812,0.265936316,0.252424157,0.102576116,0.14822884
10,0.073754941,0.442132143,0.493619445,-0.289208401,0.106949269
11,-0.027131766,-0.438081588,-0.382307875,0.312683736,0.160572693
12,-0.043395995,-0.266742114,-0.287482206,-0.116013522,-0.155401777
13,-0.013693797,-0.484499616,-0.501427716,-0.262325605,0.01567843
14,0.015347432,0.125080662,0.107959807,0.443950497,0.205749166
15,0.158813503,0.526670965,0.667055059,0.230580456,-0.187759171
16,-0.106578834,-0.462809632,-0.678244479,-0.137098484,-0.135148538
17,-0.048506351,-0.444712428,-0.520104526,-0.300352438,-0.146704284
18,0.081228876,0.276497586,0.338386571,0.263202748,0.343991506
19,-0.215237827,0.133621363,0.160195879,0.190180984,-0.288007101
20,-0.014689073,-0.272204384,-0.640461822,-0.126378874,-0.093221364
21,-0.102685992,-0.198385646,-0.215036121,0.272093014,-0.205970635
22,0.153871769,0.433026215,0.558211381,-0.401037513,0.084076115
23,-0.037314375,-0.390978385,-0.42231436,-0.339043203,0.03793542
24,0.031319564,0.343308972,0.444475279,0.010999485,-0.065201585
25,-0.162319856,0.107748213,0.175108087,0.075255251,0.014898854
26,0.010217426,-0.162086757,-0.162464475,0.105815545,0.159799187
27,-0.029561949,0.419426851,-0.083584099,0.071740137,0.054408271
28,-0.058955985,-0.233081153,-0.399953607,-0.178536547,0.015941248
29,0.054706077,-0.580478069,-0.662295837,-0.434129345,-0.104774858
30,0.009878675,0.221036876,0.32016373,0.447869307,0.26138484
31,0.094927526,0.166497355,0.29563533,-0.528938378,0.040545032
32,0.086100144,-0.056288932,0.067050884,0.541373194,0.091338303
33,0.101997102,0.100443333,0.135668245,0.054918353,0.152891119
34,-0.44118166,-0.784978635,-0.745623258,-0.040224707,0.156334465
35,0.089816544,0.323403703,0.468215463,-0.073051329,-0.120544466
36,0.111340825,0.297525755,0.379316037,0.447711612,0.054165966
37,0.044977605,-0.262232471,-0.29405319,-0.26353651,0.164223405
38,0.106797396,0.198633336,0.386899214,-0.011192685,0.187348743
39,-0.080627794,0.302262887,0.32512328,-0.327574676,-0.032054198
40,-0.06932345,0.386313262,0.436266416,0.24284577,-0.267081264
41,0.03605196,-0.692098307,-0.949376981,0.057108043,0.143021984
42,-0.053619728,0.2312082,0.154725195,-0.322374056,0.232084468
43,0.174856552,0.676753841,0.824241226,0.002349474,-0.05743068
44,-0.14913345,-0.42564542,-0.902661768,-0.379990793,-0.014698509
45,0.115971256,0.484032005,0.572310081,0.493924426,0.105466466
46,-0.019632299,0.079233725,0.111644181,-0.076412092,-0.048353204
47,-0.035159821,-0.199609707,-0.153593584,-0.181571534,-0.033715923
48,0.03985469,0.313252963,0.361343653,0.302306667,0.102109649
49,-0.113062366,-0.54366374,-0.808164623,-0.097388508,0.140650883
50,0.042859925,0.280350603,0.281939878,0.575386063,-0.05247385
51,-0.133755619,-0.405926583,-0.479482981,-0.261343963,0.09418339
52,-0.07964217,-0.006228356,-0.176611552,0.042599958,-0.080846944
53,-0.019366589,-0.25004826,-0.416961483,-0.697643447,-0.160875062
54,-0.15558216,0.188244296,0.165467036,0.03523222,-0.106871617
55,0.004700177,-0.393427683,-0.362200092,-0.910215936,0.26479347
56,0.050784222,0.773529496,0.803577512,0.284801548,-0.3289732
57,0.034466455,0.334198925,0.486604793,-0.155424275,-0.04147269
58,0.023973136,-0.06647281,-0.206412611,-0.247976182,0.234149166
59,-0.100059893,-0.299784545,-0.535998532,-0.04966948,-0.140293161
60,0.138240267,0.452708118,0.535834968,0.230118562,0.106258712
61,-0.001340175,-0.16808168,-0.265421807,-0.297679441,0.122478933
62,-0.022980015,0.06943425,0.217643282,0.041394253,0.302148452
63,0.005488319,-0.307425908,-0.296881354,-0.346752604,0.026748462
64,-0.056943072,-0.264052488,-0.281418331,-0.032494411,0.140405009
65,0.07249399,0.199442529,0.179422221,0.464942176,0.078179606
66,0.007048885,0.810813615,0.986935261,0.464272999,-0.339676246
67,0.036585532,0.284493769,0.386623983,0.207675146,-0.146188259
68,0.057617224,-0.459696765,-0.511681427,-0.446449016,0.296221993
69,-0.068782177,-0.506858463,-0.851685886,-0.88486088,0.123597818
70,0.046432034,0.056481338,0.032075755,0.164367433,-0.009235203
71,-0.007847674,-0.34919549,-0.438901008,-0.044715436,0.269601409
72,0.057864311,0.008973038,0.045907701,-0.347570093,0.29780804
73,-0.058129028,-0.254023338,-0.453113644,-0.790534408,-0.210113796
74,0.079392529,0.748542423,0.903142787,0.17215545,0.067711336
75,-0.068945566,-0.304756742,-0.385739416,-0.716563071,-0.284467212
76,0.071699722,0.232700854,0.280182436,0.450263607,0.085468805
77,-0.224311277,0.047687629,0.043808294,0.155175366,-0.203154794
78,-0.023637592,0.305469359,0.356436936,0.204685222,0.257017828
79,0.01965983,0.128550437,0.143385302,0.48610155,0.018850606
80,0.014119501,-0.033538591,0.053928992,0.17063458,0.279032826
81,-0.061965862,-0.558389586,-0.508309947,-0.108077424,0.122542144
82,0.062563534,-0.000944321,0.010616376,-0.063216199,-0.060700845
83,0.026487414,0.333158213,0.392352392,-0.09741582,-0.010868538
84,0.036692857,0.349399916,0.285842197,0.038653135,0.202831794
85,-0.023842506,0.149934646,0.154699522,-0.276343668,0.265409202
86,-0.011950527,0.047012921,0.089842735,0.03936929,0.050878688
87,0.017779411,0.019213526,0.088319795,0.211779272,-0.022763104
88,0.038381487,0.243997739,0.385679196,0.327179719,0.250054347
89,0.063248641,-0.148054551,-0.030566992,0.635514943,-0.126638048
90,0.045224029,0.425454961,0.580745913,-0.065874444,-0.089683044
91,-0.050296862,-0.018136687,-0.272012319,-0.046083605,0.08761392
92,0.029895608,0.082517604,0.165875508,-0.231556473,0.232868633
93,0.028277819,-0.280598439,-0.231618674,-0.298465884,0.108519613
94,-0.076373159,-0.171738919,-0.203101371,0.386691848,0.038920539
95,0.080042718,0.310358339,0.516224663,-0.218255037,-0.074104933
96,0.022857338,-0.148453525,-0.143874311,-0.508923525,0.015442041
97,0.048860777,-0.33263199,-0.273934556,0.203011872,0.025082284
98,-0.179820259,-0.115160615,-0.074764347,0.565858308,-0.079209466
99,0.058062788,0.31613245,0.373527386,0.411444037,0.17816025
100,-0.056473774,-0.20633479,-0.162174437,0.274599852,0.153840681
101,0.039876079,0.302534965,0.392021596,0.478350322,-0.098383556
102,0.068289962,0.028463153,0.060177487,0.250619506,0.052699962
103,0.063224104,-0.20316034,-0.211937154,-0.101535091,-0.100958352
104,0.059724081,0.173620133,0.229002213,0.140427499,0.119438611
105,0.033824112,0.089538314,0.159564082,-0.020000158,0.214038915
106,-0.106623244,0.162729657,0.195465006,0.071312473,-0.134848927
107,-0.007255853,-0.08910617,-0.116557686,0.232085931,-0.181915431
108,-0.063479261,-0.08184874,-0.08805397,-0.511518495,0.068297971
109,0.044001439,0.003492024,0.043140494,0.277623694,0.239316164
110,0.034230684,0.030756511,0.007985512,0.043363745,0.325792908
111,0.099093716,0.96000487,1.151224158,0.344800626,-0.72924012
112,0.057927606,0.258329267,0.361483642,-0.02325209,0.1299008
113,-0.048547297,0.461449119,0.510088731,-0.122721133,-0.253796457
114,0.172661251,0.674537904,0.822623802,-0.104987677,-0.060547286
115,0.066183884,0.014122605,0.108236438,-0.248038366,-0.01375481
116,0.008899492,0.2081239,0.246824888,0.396106933,0.041185775
117,0.059111749,0.432626419,0.538020043,-0.191101787,-0.162574305
118,-0.1547627,-0.325551531,-0.797830523,-0.280372969,-0.054096653
119,0.044558029,0.249119495,0.214876901,-0.307003551,0.02338162
120,0.050102218,-0.214007969,-0.218400234,-0.358077568,0.293813386
121,0.043966711,-0.17519944,-0.177370377,0.2420834,-0.065684428
122,0.012871821,0.063540944,0.114602679,0.200535962,0.230981133
123,-0.011125285,0.078012917,0.223740715,0.603194124,-0.036219444
124,0.088946164,0.252320069,0.301918777,0.402949932,0.097837629
125,0.119638567,0.468222156,0.585326805,1.006738852,-0.041671695
126,-0.023598264,-0.383926818,-0.470689474,-0.058093714,0.01152614
127,0.071961869,0.371858573,0.550649622,0.390672486,-0.003010969
128,0.025567987,0.081161537,0.12394533,0.163442807,0.074522158
129,0.072423764,-0.15146718,-0.222731161,-0.502410081,-0.01072457
130,0.134353196,0.602355719,0.770889502,0.912503773,-0.667944435
131,0.005811176,0.53586625,0.682486133,0.136341339,-0.069318847
132,0.012440526,0.002832436,-0.070211907,-0.246088883,0.007079376
133,-0.047438897,-0.667350543,-0.854776589,-0.62119236,0.040688729
134,0.079785949,0.173451776,0.20215486,0.512846799,-0.029840946
135,-0.005506276,-0.486311206,-0.818212966,0.121061323,0.009922886
136,0.070352279,-0.021861032,-0.392517425,0.299892634,-0.090924917
137,0.065815118,0.019512734,-0.024736624,-0.399086571,0.025189101
138,-0.006609201,-0.173278174,-0.264318501,-0.178924132,0.080304419
139,0.099913477,-0.074510497,-0.083620437,-0.215942261,0.370693847
140,0.054776573,-0.325129947,-0.508924297,-0.652960242,-0.028841057
141,-0.080352838,0.408674689,0.543025444,0.17862505,-0.062589456
142,0.062270809,-0.051118447,-0.266978017,0.419219556,0.14584285
143,0.105764842,0.502123784,0.577057455,0.983999848,-0.082973804
144,0.037325529,-0.10419802,-0.097569961,0.100179305,0.011591843
145,-0.128387586,0.021311394,-0.177751423,-0.104496479,0.119081876
146,0.025138485,0.158766083,0.246715526,0.676288974,0.154875365
147,0.076008944,0.262340162,0.325082471,-0.718278465,-0.016804414
148,-0.092928125,0.202389654,0.26043179,0.287770933,-0.14863301
149,0.022133482,-0.004331162,-0.008981246,0.189259573,-0.039636466
150,-0.005693044,-0.115920696,-0.141539974,-0.327750159,0.28445193
151,-0.063567868,-0.147594071,-0.210388023,0.330721944,0.029977581
152,0.012277585,0.194675717,0.225292083,0.085679591,0.080621022
153,0.083720785,-0.825658664,-0.589555645,-0.06992786,0.073077585
154,-0.204838324,0.082915442,0.265704493,-0.12676155,-0.154348247
155,0.110229741,0.236573051,0.303383531,0.300409638,0.111843919
156,0.054823477,0.399286738,0.548859914,0.544765459,-0.065578371
157,-0.057358624,0.088909245,0.168814717,0.669961402,-0.321242582
158,0.08076232,0.298644146,0.428235928,0.019530586,-0.155251719
159,-0.15902601,-0.413129144,-0.554847447,-0.016188352,-0.31896746
160,-0.044350563,-0.379391731,-0.537985795,0.081128614,0.077083874
161,-0.04760408,-0.035072018,0.084140842,-0.245067563,0.066943275
162,0.056690279,0.150510026,0.196509525,-0.280515746,0.275715039
163,0.065848642,-0.021816899,0.076315805,-0.349224281,0.106132732
164,-0.025838475,0.221257119,0.28570011,0.363123045,0.005515722
165,0.004488506,0.125181713,0.160704325,0.129981738,-0.14364304
166,0.009828857,-0.151312337,-0.108105917,-0.276850211,-0.009133176
167,0.007895662,-0.547403496,-0.52529887,0.077952292,0.090019025
168,-0.118657282,-0.312696545,-0.265235956,-0.038360079,-0.052725833
169,-0.083392233,0.169520732,-0.336926173,-0.125224372,0.011910682
170,-0.166229076,-0.051792603,-0.167148694,-0.914464785,-0.856734994
171,-0.04591413,0.490394873,0.669887837,-0.197576884,0.198171889
172,-0.009159911,0.193924939,0.228197993,0.392147896,-0.043643909
173,0.0214111,0.074150621,0.083781205,-0.481777679,0.077414553
174,-0.018016412,0.025843664,0.114771979,-0.193813411,-0.168744227
175,-0.269518898,-0.053592905,-0.141389636,-0.565764137,-0.247948712
176,0.021319415,-0.160851088,-0.243391291,-0.413743128,-0.165884826
177,-0.06970563,-0.257199943,-0.14762598,-0.112680664,0.019520888
178,0.015857849,-0.076407955,-0.156950257,-0.108497386,0.045313261
179,0.138454965,0.137175203,0.157738378,-0.317260781,0.418615332
180,-0.043219697,-0.012135234,-0.023193141,-0.076773563,-0.214579239
181,-0.066218711,0.538456805,0.593120099,-0.19357308,-0.141951705
182,0.02296116,-0.180392582,-0.294772097,-0.40741742,0.092432993
183,-0.080854523,0.27092988,0.276491701,0.065260824,-0.333525436
184,0.033418125,0.048840485,0.100103285,0.138556839,0.09772333
185,0.09189891,0.362139912,0.323089557,0.445912494,0.259676939
186,0.094533963,0.120440271,0.288727591,0.481534841,0.09617177
187,-0.05683242,-0.334227109,-0.527295838,0.06022513,-0.112033798
188,-0.03062714,-0.484904306,-0.487604071,-0.433926449,-0.143072973
189,-0.046622822,0.379565501,0.0285023,-0.430479288,0.080368069
190,0.060947981,0.341965847,0.408271843,0.4371477,0.056036581
191,-0.000529763,-0.252412126,-0.351319083,-0.478251491,0.239306894
192,0.078341271,0.113878215,0.247282116,-0.333906205,0.363624361
193,-0.052562753,-0.103511479,-0.1885051,-0.501937066,-0.070459036
194,0.103420643,0.458647224,0.662448703,0.201914782,-0.022185567
195,-0.11123457,0.210878861,-0.000515905,-0.315985575,0.099205771
196,0.023848029,0.408563039,0.493066623,0.551588116,-0.125080785
197,0.115281178,0.435543048,0.564583991,0.383519872,0.056333136
198,0.086277385,0.123992256,0.225914444,0.328263451,0.028416828
199,-0.071056407,-0.615634154,-0.883541334,-0.644715834,-0.105675053
200,-0.010916112,-0.422725539,-0.422971651,-0.606780563,0.260989311
201,-0.046569418,0.096404729,0.106970327,-0.1586891,-0.026886143
202,-0.069834059,-0.093547098,-0.13532352,-0.132788248,0.163706712
203,-0.044984226,-0.005794024,-0.244838001,-0.034835307,0.068792843
204,0.042598832,0.125494518,0.082808541,0.093129617,0.330642442
205,-0.025133004,0.235345294,0.313565445,0.652805906,0.060048362
206,-0.022110254,0.148907708,0.307819961,0.598038853,-0.005198995
207,0.075863805,-0.133220479,-0.008584106,-0.086715074,-0.071763026
208,-0.143840912,0.146484754,0.184667434,-0.127075158,-0.340222789
209,0.096991262,0.173037951,0.228958413,0.430564489,-0.043059555
210,0.080771002,0.285723314,0.411353778,0.114449664,0.009705701
211,0.006023866,-0.056032576,0.00103089,0.219994751,0.003495359
212,0.062648035,-0.073367569,-0.021076669,-0.253009341,0.153107916
213,-0.21961393,-0.281705132,-0.357716483,-0.015008067,-0.235521173
214,0.005087839,0.044814927,0.177877561,-0.161044842,-0.172361559
215,0.096377568,0.353158551,0.390885841,0.075618626,-0.099604674
216,0.067891812,-0.18431488,-0.164720064,0.061320206,0.159191503
217,0.053099864,-0.451614782,-1.288489486,-0.427418261,-0.000993197
218,-0.117697482,-0.609861999,-0.8632485,-0.040182392,-0.063757895
219,0.060950917,0.342014972,0.484309628,0.518195338,-0.023177634
220,-0.019440074,-0.187857375,-0.141285025,0.134143471,0.027012979
221,0.028584675,0.103008381,0.12740146,-0.349605524,0.184854026
222,-0.074767563,-0.282568512,-0.372817526,0.155364858,0.003361227
223,-0.130541068,0.415982981,0.479097183,-0.014801756,-0.01948604
224,0.072075035,0.137321972,0.225570559,0.140755342,0.056288574
225,-0.018210867,-0.007959863,-0.118189257,-0.539971833,0.255055785
226,-0.012644945,-0.261961924,-0.441661889,-0.540381563,0.406697068
227,-0.076952737,-0.471889121,-0.495382014,-0.220422785,0.01932931
228,0.056112709,0.181781578,0.238561667,0.528657937,0.187900997
229,0.100013331,0.954652955,1.116987315,0.321328472,-0.358777292
230,0.0469807,0.182194306,0.221359148,0.717560114,0.085170256
231,-0.002556358,-0.590670338,-0.36602726,-0.322202968,-0.001024951
232,0.087443446,0.141431882,0.189043413,0.11710855,0.092024259
233,0.098853704,0.78775922,0.967078692,-0.067018299,0.152972739
234,0.03595779,0.222123521,0.251203789,-0.465016211,-0.096250602
235,0.080565074,0.817882281,0.980371881,0.576555663,-0.052720605
236,0.068924149,0.165121486,0.206097494,0.331076011,-0.038834729
237,0.041015382,0.023447393,-0.004750453,-0.014771923,0.170505259
238,0.039346815,0.374898305,0.504959308,0.196264366,0.015298896
239,-0.024243131,-0.234636767,-0.225491588,-0.042346456,0.181652279
240,0.026827992,-0.083314358,-0.039855646,0.183182482,0.062298366
241,0.073824602,0.172068092,0.265030701,-0.165657909,0.405430279
242,0.011278776,-0.263363289,-0.169202744,-0.29009093,-0.224605033
243,0.14328376,0.319543024,0.384076505,0.47236913,0.15512915
244,0.06078229,-0.187722483,-0.250951471,-0.043915201,-0.062215302
245,0.074612109,0.751952875,0.939364807,0.352793772,-0.16196713
246,0.057402634,0.086981969,0.115672501,-0.170472255,0.240380456
247,-0.353889362,-0.106812028,-0.116630711,-0.655435892,-0.439011197
248,0.075615434,0.315133952,0.433244558,0.771173905,-0.111227789
249,0.001212079,0.250259893,0.348296067,0.364535619,-0.112080225
250,0.110877748,-0.013438551,0.041898707,-0.502767474,0.026556726
251,-0.161571894,-0.210314464,-0.444790728,0.539270185,-0.438515577
252,0.034474718,0.350830042,0.416514498,0.221249517,0.077781956
253,0.075893683,0.284792934,0.386021157,-0.143834958,-0.039083139
254,0.107634265,0.083736594,0.094635095,0.132944491,0.276093678
255,-0.050319006,-0.54292623,-0.923996697,-0.401007075,-0.056748267
256,-0.039801326,-0.123819632,-0.368449658,-0.155192074,-0.077058494
257,0.085802775,0.041196206,0.037992006,0.294550256,0.112606577
258,0.10788009,0.2091621,0.268974778,0.766178961,0.191636591
259,0.017080688,-0.080599056,-0.097918012,0.006252703,-0.10477342
260,0.03152268,-0.35304234,-0.452590748,-0.491434976,0.214638716
261,0.055100593,0.22781721,0.291164397,0.368809731,0.041732137
262,-0.138119582,-0.592236599,-0.590668771,0.141751845,-0.020812077
263,-0.379615787,-0.79892478,-1.192111436,-0.654245024,-0.307360775
264,0.009863283,0.104866855,0.115136791,-0.077456671,-0.028839675
265,0.134331929,0.525649187,0.637196098,0.508430263,0.13207701
266,0.070966375,0.413665092,0.497858387,0.718192676,-0.005150865
267,0.071141215,0.265606411,0.315557651,0.283251288,0.025248379
268,0.019960486,0.093283647,0.071253188,-0.093556742,0.134177545
269,-0.029127776,-0.300579088,-0.601764439,0.017612584,-0.208177516
270,-0.118396653,-0.080801264,-0.051679438,-0.017871771,0.074356086
271,0.070398837,0.074067219,0.201079455,-0.252664802,0.424708145
272,0.028470752,-0.053987204,0.008662558,0.092577832,-0.024632539
273,0.057978653,0.091436378,0.158950449,-0.779461169,-0.192517916
274,0.06565135,0.223753584,0.307921779,0.66481668,0.174483609
275,0.008609848,-0.054601925,-0.012731526,-0.304602104,0.130705151
276,-0.486840556,-0.391937253,-0.94687032,-0.569851247,-0.674490891
277,-0.02742767,-0.047499996,-0.088764321,-0.131761489,-0.104154298
278,0.075015837,-0.232068344,-0.32314645,-0.62172413,0.445703192
279,-0.147359855,0.270222349,0.358595284,0.016461498,-0.13914549
280,0.045082289,0.251409477,0.327243938,-0.079526148,0.242935656
281,-0.37768346,-0.183042545,-0.308235955,-0.473686833,-0.107779594
282,-0.050821446,-0.80340123,-0.881522269,-0.294563317,0.051499982
283,0.004691813,-0.074684577,0.100645402,-0.281151431,0.135905358
284,0.064473345,0.39133274,0.465317655,-0.072220535,0.176328075
285,0.000519227,-0.168387599,-0.085612944,-0.350027758,-0.119376493
286,-0.001148913,0.045439735,-0.08559302,-0.03296157,-0.099520588
287,0.062856092,0.154272257,0.233683503,0.20806748,0.170999762
288,0.072186568,-0.090003509,-0.068826074,-0.077346538,0.174466701
289,-0.175876348,-0.381138281,-0.560182408,-0.214359201,-0.002118357
290,-0.070661981,0.162518186,0.000121617,-0.087546845,-0.071026434
291,0.007048491,0.517963641,0.625393978,0.741908278,-0.067604101
292,0.054369435,-0.048302249,-0.014805997,0.188140974,0.099938616
293,-0.044841944,0.140462332,0.201935652,0.05868173,-0.183424227
294,-0.137099169,-0.452231259,-0.629742196,0.13237666,-0.036019971
295,0.106066148,0.304295136,0.393732522,0.245442105,-0.04787625
296,0.066990241,0.345138689,0.483814839,0.816233299,-0.224710237
297,0.051437749,0.219092279,0.262330061,0.359277683,-0.022591191
298,0.051891733,0.322220894,0.309719568,0.020262805,-0.051624967
299,0.015201212,-0.007935102,0.000244112,-0.070385224,-0.092806422
300,0.052286862,-0.358922527,-0.379762171,0.04306137,-0.196029754
301,-0.007912948,-0.125460314,-0.180023764,0.125818387,-0.031181462
302,-0.162817271,0.009920771,0.026840212,0.007029655,-0.353696148
303,0.017509898,0.000401717,-0.050176812,0.002114908,-0.092581147
304,-0.035744669,0.432022601,0.311638686,-0.028446331,0.005808851
305,0.025777247,0.138016353,0.118609836,-0.01433782,-0.028021172
306,0.107120562,0.215553712,0.325525871,0.024137059,0.295306772
307,0.036148766,0.620407,0.779927396,0.337028686,-0.263604419
308,-0.077055503,-0.125534005,-0.183071827,-0.237657183,-0.239482675
309,0.074770203,0.350474538,0.488695958,0.111893123,0.145188958
310,0.015390143,-0.425587584,-0.295822185,0.16627947,-0.16300586
311,-0.077261055,0.312793068,0.400546928,0.058226261,0.274380764
312,0.029221681,0.054244221,-0.011780181,-0.093576788,0.230405023
313,0.093177249,0.056381706,0.12793212,0.783714805,0.076189493
314,-0.116593203,0.145256953,0.20810513,-0.352199973,-0.13641113
315,-0.075471727,-0.392219704,-0.334199575,0.474513621,-0.207954671
316,0.108373798,0.336871695,0.388645439,0.621857702,0.252730948
317,0.102040617,-0.236390158,-0.403419224,-0.190632579,-0.170992102
318,-0.080900719,-0.328053202,-0.250327637,-0.727760597,0.105707623
319,0.140922884,0.293163689,0.328244858,-0.13835197,-0.028784964
320,0.082447534,0.321822486,0.442775371,0.265218398,0.25858423
321,0.068965276,0.235547333,0.306019834,0.396857844,0.145528299
322,0.004170498,0.08452905,0.088116315,0.44730241,0.077243929
323,0.039206029,0.158203992,0.216059551,0.12715268,-0.126227511
324,0.041100694,0.777041596,0.908654179,0.432128933,-0.326896361
325,0.087125211,-0.006350442,0.065293101,0.056656699,0.082061082
326,0.136794254,0.447259443,0.546516244,1.010306133,0.068134514
327,-0.130200558,0.122134881,0.111025833,-0.065188527,-0.485600906
328,-0.070911808,-0.410282766,-0.452820163,0.383979901,-0.082847098
329,0.11516736,-0.163553151,-0.082239044,0.036474123,0.022426446
330,0.007891064,-0.331358584,-0.317443627,0.204616928,0.127888843
331,-0.030876643,-0.605657983,-0.69700174,0.038593022,-0.119626422
332,0.05003946,0.044610987,0.073941909,-0.12434606,0.026925055
333,0.008520054,-0.469600155,-0.647666847,-0.208373955,0.168967944
334,0.019499882,0.170635042,0.258163467,-0.146383682,-0.229467129
335,0.008026175,-0.412184838,-0.670462939,-0.142855078,-0.048640469
336,0.045272601,0.366544833,0.476270894,-0.44251681,0.209496894
337,0.071817605,0.177713087,0.27371391,-0.118983331,0.139866839
338,0.114813454,0.273122391,0.388001681,0.347751839,-0.236724327
339,-0.066657961,-0.179878026,-0.21993718,-0.949933072,-0.379358851
340,0.133029684,0.571519482,0.72071559,-0.195983788,0.060829948
341,0.008004785,-0.158152664,-0.094427479,-0.218340527,0.211906767
342,0.128079753,0.542745493,0.635200894,0.539151767,-0.084504483
343,-0.239499739,0.228899921,0.25922778,-0.32681004,-0.426365429
344,0.139456993,0.564043616,0.665417267,1.134090699,0.111520719
345,-0.016158418,0.061501361,0.081346501,-0.057766772,-5.37E-05
346,0.022265507,0.102361654,0.079454582,-0.381227043,-0.305532611
347,0.059417288,-0.341361614,-0.38277321,-0.548594008,0.109688597
348,0.065274051,0.051807729,0.090727796,-0.276172955,0.153365168
349,0.129313169,0.445350356,0.600044642,0.042498638,-0.211410743
350,-0.026037549,0.219967009,0.286429211,0.550670452,-0.111905561
351,-0.069456824,-0.350813599,-0.387431945,-0.284043492,0.105109614
352,-0.005310044,-0.261237474,-0.568628766,-0.158568245,0.054299337
353,0.078848407,-0.13247764,-0.206973064,-0.099420127,0.156153639
354,0.076832164,0.124118785,0.36517619,0.025609283,0.013670084
355,0.106224813,0.527731296,0.64262732,0.534523253,-0.054974133
356,-0.12433536,-0.035592784,-0.057209521,-0.435627518,-0.345301114
357,0.080705931,0.463876808,0.513201423,0.390992476,0.113650567
358,-0.026388986,-0.495519817,-0.595898318,-0.224580042,-0.081445833
359,0.131763762,0.528348313,0.647724695,0.401641687,-0.022597218
360,0.003512801,-0.001879208,0.053495327,-0.457154193,0.064712881
361,0.112037282,0.296803965,0.41512744,-0.323834956,-0.128273256
362,0.081229555,-0.060507202,-0.056468747,0.325943017,0.187536622
363,-3.04E-05,-0.228951526,-0.299049366,-0.118710738,0.098466828
364,0.109284954,0.452222743,0.57892259,0.882253918,-0.190122773
365,0.007527301,0.094530084,0.103329405,-0.481404835,0.008946712
366,0.003993209,-1.216939102,-0.999355045,-0.168879726,-0.064692967
367,0.047295468,0.19088863,0.083393057,-0.102775285,-0.11978916
368,0.066641291,-0.064400967,0.05342378,-0.023859487,-0.046945655
369,-0.091701558,0.076348347,0.006783448,-0.178253331,0.210889128
370,-0.032126523,-0.056290116,-0.027610013,-0.733109622,0.002237206
371,0.009221738,0.117065063,0.153303037,0.335845327,-0.436458813
372,0.09506345,0.14915612,0.146236359,0.121160256,0.176595119
373,-0.155523185,-0.200956386,-0.273145969,0.370073993,0.199476627
374,-0.045852306,0.225554438,0.286103388,0.251682496,0.003662937
375,-0.035587296,0.337920709,0.426920834,0.317017289,-0.004826445
376,0.089467149,0.125181746,0.197377885,0.704626506,-0.202210813
377,0.035504144,0.097739508,0.242390246,-0.433538532,0.122541096
378,-0.025462858,-0.312044247,-0.25362217,-0.130049969,-0.249025992
379,0.090368861,0.107671517,0.145879361,0.382992164,0.103069939
380,0.092170214,0.744057288,0.887064566,0.694451101,0.140698417
381,0.181835854,0.572613038,0.678718864,0.414925785,-0.020868712
382,-0.00868097,0.171724876,0.204940171,0.293581365,0.267369969
383,0.058087398,0.331014317,0.386359447,-0.174960211,0.088589913
384,0.055115271,0.114713358,0.174968002,-0.271328481,0.123418191
385,0.057131527,0.535997214,0.628848696,0.848433634,-0.223461421
386,0.026860162,-0.065890316,-0.133104018,-0.59745032,0.042773219
387,-0.335949831,-0.318966536,-0.429480237,-0.297146315,-0.721094716
388,-0.010009791,0.054929126,0.167776238,-0.063314011,-0.183567202
389,0.025583293,-0.050894939,-0.00999863,0.097881247,0.022087807
390,0.047250905,0.158993749,0.129465633,-0.455791327,0.192156327
391,0.05137308,0.223076555,0.25345468,0.278880237,0.097759118
392,-0.040093398,0.222091345,0.258039958,0.106734546,-0.08847878
393,-0.016416795,-0.416369266,-0.468954569,-1.213855174,0.089344193
394,-0.057785991,-0.52284531,-1.218242848,-0.681121986,-0.158010647
395,-0.06553368,0.12491718,-0.025277824,0.400770743,-0.037805463
396,0.079624567,0.174554546,0.176524588,0.246291449,0.316599587
397,0.00734112,-0.482115672,-0.442673543,-0.214367829,0.14935284
398,-0.005166291,-0.300681645,-0.284215259,-0.26742171,-0.113856762
399,-0.012301967,-0.053566165,-0.032743913,0.408647378,-0.03047518
400,-0.154264529,-0.186278425,-0.317260081,-0.094775732,0.180542381
401,-0.008575498,-0.007289967,-0.017614185,-0.069197585,0.247642397
402,0.084993688,0.482996453,0.617697382,0.296413869,0.133171824
403,0.071996029,0.60321233,0.724097732,0.72344538,-0.205006117
404,0.020559601,0.033656811,0.069500751,0.248871058,0.076538706
405,-0.079217423,-0.405329113,-0.483774751,-0.108472322,-0.104175587
406,-0.104536374,-0.1885346,-0.421980042,0.080342667,0.027747568
407,-0.022516588,0.154872783,0.082108264,-0.137283472,-0.113204723
408,0.032716043,-0.099753609,-0.141528013,0.067132484,-0.042835019
409,0.01228568,-0.599795512,-0.682527557,-0.154077853,-0.007286708
410,0.092404221,0.058717274,0.136303759,0.363092706,0.224973521
411,-0.088918299,-0.167652604,-0.174630614,-0.873134795,-0.272563985
412,-0.010174123,0.063561034,0.018732342,0.471722858,0.120480968
413,0.055340182,0.358123675,0.48903575,0.419938144,0.052713814
414,-0.225452269,0.158043376,0.215371612,0.103704076,-0.012342077
415,0.016881081,0.05358921,0.056724475,-0.288865468,0.076474338
416,0.134186673,0.105545436,0.172801055,0.070493726,-0.088419859
417,0.04197993,0.152482002,0.142853654,0.312904584,-0.022656459
418,0.043631691,0.205327299,0.308297299,-0.247367373,0.303851049
419,0.009200951,0.097278704,0.176690268,0.000376914,0.025228757
420,-0.021680303,0.154027709,0.07867187,-0.083791601,0.36101528
421,0.020059567,0.154581698,0.22415816,0.419531961,0.062902661
422,0.050233814,0.112065577,0.135092397,-0.102787882,-0.017146928
423,-0.108750108,0.080423285,0.057082598,0.63338465,0.065479758
424,-0.099474892,0.133427678,0.158407102,0.113658397,-0.191733007
425,0.091214697,-0.017158515,-0.023086552,-0.430120951,0.342200131
426,0.058594526,0.790805666,0.929158775,0.785765016,0.228094289
427,0.040034256,0.018414768,0.065142157,-0.058047941,0.152482797
428,0.055714362,-0.17124914,-0.034165142,-0.128328228,-0.315894572
429,-0.096902884,-0.378825808,-0.590285774,-0.535274517,-0.532717066
430,-0.000565163,-0.115405348,-0.490489112,-0.27246487,-0.129641636
431,0.003610987,-0.227135357,-0.615841451,-0.253285269,0.037128525
432,0.037309664,0.323712471,0.270808128,-0.25475222,0.089245489
433,-0.192750262,0.000697273,0.17517659,-0.160504226,0.019596982
434,0.09038747,0.301280412,0.251444581,0.245965273,0.157562588
435,-0.015699619,-0.327095752,-0.399642131,-0.179980501,0.176841158
436,0.004909177,0.022885413,0.091415339,0.117377565,0.152490446
437,0.002862432,0.04860372,0.04265945,-0.030556354,0.128876042
438,0.041398507,-0.191736146,-0.573656105,-0.331432699,-0.065056726
439,0.086947442,-0.159549199,-0.183095303,-0.540007952,0.455692497
440,0.014255251,-0.479535575,-0.49415676,-0.775303273,0.131503165
441,-0.012983483,0.281139375,0.292467946,0.208621606,0.010018679
442,0.077438089,-0.381400707,-0.349603889,-0.424150969,-0.115423919
443,-0.052390111,0.068648359,0.041460615,0.036095649,0.283606071
444,-0.072670496,-0.210430848,-0.184936882,0.680304609,-0.051990867
445,0.006628799,-0.229457574,-0.210028178,-0.237202264,-0.008062826
446,0.031844587,0.003708886,-0.217230162,-0.305212856,0.37276831
447,-0.025935795,-0.07526499,-0.05194149,-0.710071843,-0.055173425
448,0.011599409,0.174526453,0.228100244,0.281215976,-0.1263698
449,-0.026924059,0.094388966,0.012179409,-0.213954334,-0.130238122
450,-0.024995151,-0.414826668,-0.488804299,-0.269623612,0.119302321
451,0.01776266,-0.00180469,0.015738244,0.16877061,0.171847524
452,-0.014677907,-1.070362742,-0.845841353,-0.18085999,0.14225716
453,0.060903915,0.173530776,0.144690684,0.511292879,-0.282651184
454,0.060048484,0.224695126,0.291390995,0.434101556,0.007763931
455,0.079609458,0.000612312,-0.030029529,0.242087267,0.039729388
456,-0.056048433,0.108490395,0.253649963,-0.118301107,-0.334729015
457,-0.054175229,-0.048342016,-0.083417201,-0.57624711,-0.157334605
458,0.057606658,0.118725113,0.149493262,0.247979159,0.055598354
459,0.055386025,0.517951605,0.676155225,0.474207244,-0.162781131
460,-0.064399746,-0.495838007,-0.412680288,0.21629907,-0.116863395
461,-0.164156805,-0.079043303,-0.137290472,-0.089642716,-0.033113512
462,-0.128556073,0.23250303,0.290740257,0.669467932,-0.115472389
463,0.059716723,0.479156343,0.589131295,-0.042657583,0.098597122
464,0.050380719,0.175502277,0.273205695,0.761636704,0.124505553
465,0.007948342,0.189805037,0.216217321,-0.672176999,0.228349365
466,-0.02269184,0.592474359,0.713129342,0.044902316,-0.035784373
467,0.092581105,0.1766931,0.199126622,0.196058108,0.127420077
468,-0.070340754,-0.057526898,-0.086091665,-0.650375112,-0.228709793
469,0.02491786,0.327751641,0.415407989,0.330954468,-0.14774185
470,0.011445456,-0.38266624,-0.469002872,-0.107362687,0.010067341
471,0.000710437,-0.537803961,-0.515244998,-0.377205777,0.116679189
472,-0.015082635,0.213224579,0.172507049,-0.579579066,0.180921201
473,0.062852566,0.35144868,0.432044463,0.277771195,0.264447014
474,-0.021219314,-0.287730602,-0.255009062,-0.231891029,0.135432876
475,-0.044885308,0.084582206,-0.021828878,0.298290562,-0.045130676
476,-0.123445519,0.29129589,0.376076901,-0.12807186,-0.684778491
477,0.03539276,-0.142309744,-0.16805599,0.051455304,-0.45261984
478,-0.026397622,-0.234534635,-0.288460083,-0.108954564,0.157502371
479,0.059598655,0.10127915,0.129365737,0.087562865,0.179586535
480,-0.11070107,-0.329655967,-0.448290426,-0.439236209,-0.461097051
481,0.02221405,-0.291116778,-0.330150329,-0.499550177,-0.155943685
482,0.076265377,0.376148819,0.476688466,0.561457865,0.048467247
483,-0.219990228,-0.091659371,-0.077623806,-0.195544633,-0.692228027
484,-0.185988278,-0.353836056,-0.465719697,-0.622587236,-0.565608567
485,-0.073512902,-0.384812385,-0.73554853,-0.824991338,-0.230532234
486,-0.184102754,-0.228468826,-0.183518734,-0.510514855,-0.709163204
487,-0.03653369,0.040483357,0.008675853,0.022353519,-0.018208474
488,-0.15862625,-0.349562843,-0.49830714,-0.622329727,-0.544568347
489,0.051202927,0.396865681,0.504644429,0.57608647,-0.140326955
490,-0.030435089,-0.146606376,-0.226723528,-0.401594437,0.192728726
491,0.015458917,-0.186233977,-0.320400427,0.328395593,0.039372872
492,0.03911286,-0.014137738,0.024871647,-0.220398546,0.263022086
493,-0.031432106,-0.266442688,-0.300769529,-0.190292498,0.007999137
494,0.010946593,0.115473555,0.184940491,-0.224031164,-0.106956435
495,0.010260086,0.187332427,0.263984084,-0.6379043,0.040909381
496,-0.064703892,-0.070070099,-0.045068177,0.075554621,0.140752112
497,0.013068658,0.962008871,1.140817408,0.875990699,-0.420171364
498,0.004518051,-0.522114008,-0.311642239,-0.314537231,0.074912896
499,0.022179298,0.219804751,0.193857865,-0.000984899,0.250836625
500,-0.13863568,-0.67216525,-0.942747997,-0.401119993,-0.279616719
501,-0.030603803,0.274185406,0.372586144,0.078239862,-0.017018136
502,0.032642855,0.177847839,0.201615605,-0.409046489,-0.149601469
503,0.066934138,0.037926897,0.040177909,-0.448637701,0.042976094
504,-0.094482827,0.41997824,0.229769277,-0.674648301,-0.00209051
505,0.117382903,0.429612004,0.523362207,0.592977275,0.144338757
506,-0.061768,-0.562895311,-0.814058919,-0.293498267,-0.018776099
507,0.109383772,-0.150396821,-0.033020119,-0.747125972,0.237359389
508,-0.115832513,0.300797198,0.44765743,0.116704967,0.057506311
509,0.059271518,0.337765588,0.416509652,-0.035477886,-0.054006097
510,-0.082663613,-0.169767729,-0.434233985,0.052982529,0.018578043
511,-0.021634419,-0.170821051,-0.322960555,0.325606427,0.052471583
512,0.098914875,0.107093367,0.162010184,0.054404188,0.170634233
513,0.040779341,-0.340699598,-0.425416347,-0.499349149,0.080766752
514,0.015202095,0.176166112,0.232461909,0.680672712,-0.125636076
515,0.082969523,0.251949917,0.30332915,0.331688629,-0.003580675
516,0.009924815,-0.165553311,-0.291701512,0.148387589,-0.104797929
517,-0.107345347,0.079145497,0.112567656,0.632629566,0.109929301
518,0.028428776,-0.009467775,-1.60E-05,0.25956119,0.281870009
519,-0.016655412,0.230591952,0.340465341,0.124535121,0.023950653
520,0.082049315,0.097112559,0.176516259,-0.300641891,-0.284734905
521,0.16337641,-0.017367834,0.082249241,0.550171213,-0.053172405
522,0.041316099,-0.132631687,-0.190505436,-0.017904759,-0.167087379
523,-0.183717363,-0.40912092,-0.283295187,-0.062846831,-0.37752445
524,-0.075928596,-0.438149851,-0.299716845,-0.167169853,0.222292288
525,0.050377853,0.038809522,0.044971637,-0.055906759,-0.053964955
526,-0.115141502,0.285707417,0.350093605,-0.011287489,-0.388393565
527,-0.015126954,-0.105118693,-0.147442788,-0.398915674,-0.173463918
528,0.067561969,0.322284721,0.425127994,0.026976318,0.184550319
529,0.09811961,0.370359731,0.517517187,0.445783511,-0.289696849
530,0.01037308,-0.174945565,0.077707651,0.269279487,0.04281774
531,-0.172180002,-0.044104372,-0.092659602,0.196873126,-0.025772497
532,-0.109245827,0.283413691,0.333337392,0.010764136,0.122920788
533,0.108726012,0.501211867,0.645086308,-0.11391788,0.037620747
534,0.07351969,0.110977747,0.11449285,0.023737722,-0.017566677
535,0.038823267,-0.068423755,-0.097414888,-0.159195881,0.130354387
536,-0.059841294,-0.254469923,-0.621888004,0.363172411,0.101628672
537,-0.062203434,-0.044723672,-0.095605309,-0.068249005,0.150124564
538,0.072000544,0.270782544,0.316550327,0.25595823,0.040121434
539,-0.022057114,-0.205490003,-0.165367485,-0.117766547,-0.342492489
540,0.088571626,-0.301164462,-0.471259239,0.047615987,-0.093256656
541,0.003951587,-0.401798959,-0.57665668,-0.354268302,-0.111100425
542,0.138574916,0.347025224,0.506472659,0.908052569,-0.251878356
543,-0.020852279,0.091866517,0.118205697,0.577355755,-0.056272278
544,0.01313965,0.240414071,0.319625408,0.470880946,0.230075893
545,-0.038412304,-0.395783914,-0.592938681,-0.591936808,-0.008711172
546,0.148285872,0.540143366,0.607234235,0.366114543,-0.019837367
547,0.018621327,-0.299861532,-0.324032907,-0.629987815,-0.383411394
548,0.058903798,0.070703259,0.053771804,-0.374680876,0.138255883
549,0.029738827,-0.054057749,-0.073450556,-0.313766525,0.10467674
550,0.062842659,0.254022931,0.295894092,0.540829988,0.332222416
551,0.067777005,0.22021599,0.366500017,0.103940788,0.121941308
552,0.169180633,0.215079331,0.317360728,0.386093828,-0.225810723
553,0.026227844,-0.161686083,-0.094897928,-0.361538588,0.099744052
554,0.079287568,-0.022690842,0.092585558,0.414539088,0.168411787
555,-0.041962981,0.143380176,0.069826197,-0.094540566,-0.285673755
556,0.127492386,0.095839232,0.231316802,0.229034353,-0.023224626
557,0.073690554,-0.233558776,-0.224362576,-0.186293194,0.223261356
558,-0.122192744,-0.213424267,-0.261999617,-0.449496816,0.027411104
559,0.068753169,0.189321053,0.255317791,0.60320604,-0.190888944
560,-0.087250469,0.203555195,0.283523106,-0.734041565,-0.483157261
561,0.060520747,0.496391401,0.544979929,-0.120129698,0.182883917
562,-0.018270953,0.331408539,0.333589544,-0.151284117,0.006896552
563,0.094926,-0.406258884,-0.150306038,0.338422145,-0.22873371
564,0.081265323,0.585173773,0.708923282,0.323870839,-0.121154952
565,-0.080611109,0.306519809,0.414279162,0.28687311,0.073641366
566,0.079654881,0.173685516,0.244545443,0.374905669,-0.022634886
567,-0.065064195,0.225295775,0.251617934,-0.214469669,-0.292038111
568,0.051591325,-0.017411656,0.03667503,-0.06510643,0.069372581
569,0.104083673,0.064945859,0.157434045,0.56788655,-0.21733085
570,0.049797053,-0.367093736,-0.453059697,-0.219943076,-0.077392701
571,0.066097369,0.204520278,0.376787031,0.021797848,0.116293041
572,-0.03622331,-0.061791785,-0.100827924,0.187665642,0.038141095
573,-0.151475033,-0.090034854,-0.021289493,0.61096487,0.114845248
574,-0.00335659,-0.604197239,-0.788634294,-0.555181964,0.101705283
575,-0.05393903,-0.485987618,-0.421399171,-0.30214652,0.166436948
576,0.044255526,0.334805536,0.405476952,-0.143721988,0.113289121
577,0.026417708,-0.248362889,-0.117094655,-0.027052767,0.081488901
578,0.006570888,0.112744873,0.174967683,0.469558279,0.123376095
579,-0.045134851,-0.022432465,0.019665616,-0.289222212,-0.002312441
580,-0.070659115,0.365228973,-0.010572379,-0.401157791,0.119237685
581,-0.058421028,-0.178944132,-0.343254328,-0.111934771,-0.085772277
582,0.002118171,0.127027845,0.191045943,0.713658898,0.192802685
583,-0.010373857,0.27088696,0.290655422,-0.060438751,0.057601163
584,-0.072163042,-0.282040695,-0.233129191,0.163279909,-0.044212037
585,0.059276029,0.029648974,0.075977016,0.401751438,-0.000739247
586,0.028767049,0.31884082,0.396568177,-0.369470613,-0.183862621
587,-0.031990389,-0.021050142,0.042233311,0.019075621,0.057089581
588,0.036638499,0.191668564,0.264089595,0.098839845,0.116649232
589,-0.016217216,0.142812244,0.198376882,-0.616339155,-0.263144257
590,0.033081677,-0.086762957,-0.018410568,-0.375188899,-0.193612112
591,-0.001564294,-0.19703922,-0.319698261,-0.562326784,0.090068269
