,Firearms,Firearm Licenses,Homicides
0,0.034859806,0.108482082,-0.482446093
1,-0.033547252,-0.150107919,0.016034968
2,0.018980606,0.090892794,0.149997009
3,0.054862554,0.043896511,0.351394321
4,-0.025374308,-0.205472629,-0.249090752
5,-0.026689762,0.031557341,0.080833601
6,0.04950345,0.008604637,0.23058749
7,0.151899463,-0.039176174,0.384662473
8,-0.061085437,0.215823306,-0.094567318
9,-0.168008094,-0.215453047,-0.342159191
10,0.03896506,0.157828288,0.121538846
11,-0.036582331,-0.157653242,-0.494020365
12,0.076440099,0.042174114,0.01410365
13,0.022963802,0.148350449,0.259321215
14,0.074722351,0.106641359,0.450611614
15,-0.02457965,0.159923842,-0.417620434
16,-0.053381733,-0.036735314,0.292358389
17,-0.044330555,-0.155300488,-0.272643099
18,-0.062872778,-0.049104596,-0.337359858
19,-0.083406472,0.047020319,-0.462779226
20,-0.012484096,0.015318393,-0.474188222
21,0.061040469,0.013708399,0.141442721
22,0.015710833,0.205571205,0.128993329
23,0.161429051,-0.188421669,0.547611716
24,-0.105089471,-0.135568743,-0.450383766
25,-0.046264478,-0.147286387,-0.426596974
26,0.081125003,0.343914077,0.276877277
27,-0.211860746,-0.288833439,0.160319923
28,-0.012040422,-0.093890984,-0.251013355
29,-0.10268649,-0.206070305,-0.197224357
30,0.155168039,0.083697453,0.443992137
31,-0.0368225,0.037729818,-0.386094348
32,-0.004567974,-0.335432557,0.295284845
33,0.033584711,-0.065788696,0.361600396
34,-0.159190496,0.014125812,0.132573801
35,0.009971977,0.159752217,-0.1627775
36,-0.071923047,0.168727809,-0.288393169
37,-0.028089246,0.053991649,0.431726753
38,-0.056443598,0.015300944,-0.212920382
39,-0.155794431,0.00975179,-0.014363669
40,0.056627811,-0.105288086,-0.564783126
41,0.012042212,0.260819589,0.238560051
42,0.096617885,0.040081583,0.180442911
43,0.086734754,0.091101993,-0.050325702
44,0.098884876,0.153460922,0.078077405
45,0.032509284,0.253424624,-0.959650226
46,-0.439447535,0.1558616,-0.770702167
47,0.09073971,-0.120842857,0.331548646
48,0.110786315,0.054185489,0.294498257
49,-0.214916665,-0.213934255,-0.443286578
50,0.043019113,0.164544988,-0.275875225
51,0.109725838,0.186618927,0.22193982
52,-0.08162877,-0.03193862,0.29585974
53,-0.071612299,-0.266688607,0.37017274
54,0.0380051,0.142501999,-0.676165914
55,-0.051432206,0.231514057,0.248912716
56,0.177825999,-0.058169318,0.700370358
57,-0.147075133,-0.015241122,-0.408917798
58,0.092017447,0.30782696,-0.04788541
59,0.115044706,0.105566031,0.478191585
60,-0.018512973,-0.048693799,0.088861809
61,-0.033759662,-0.034116937,-0.187858298
62,0.059843114,-0.181364041,0.228968383
63,-0.151941731,-0.111111603,-0.628829521
64,0.039725658,0.102037633,0.313442436
65,-0.11146905,0.140208312,-0.530451908
66,0.044108917,-0.052842341,0.290959062
67,-0.131422288,0.093581609,-0.387119633
68,-0.293185255,-0.099235748,0.285562394
69,-0.077304694,-0.081449617,0.012609941
70,-0.018795201,-0.16109777,-0.24456304
71,-0.153267433,-0.107469395,0.206910595
72,0.005467321,0.264528646,-0.386462388
73,0.053707145,-0.329701828,0.796794256
74,0.046058109,-0.012395792,-0.487416268
75,0.037004728,-0.042118563,0.354555411
76,0.024828722,0.233865314,-0.058838823
77,-0.099605784,-0.140490637,-0.295186052
78,0.136951074,0.106436298,0.444125816
79,-0.000191793,0.122132088,-0.158233914
80,-0.020650836,0.301547565,0.088209814
81,0.006262602,0.026482102,-0.300406636
82,-0.056066513,0.140116646,-0.256259929
83,0.074015156,0.183258112,0.012800739
84,0.073922699,0.07777245,0.211409799
85,0.009461139,-0.340295007,0.830217295
86,0.038898702,-0.146785702,0.303148291
87,0.056878125,0.296281229,-0.464119906
88,-0.007936951,0.249761957,-0.123453405
89,0.04487199,0.108364194,-0.598215987
90,0.05892479,0.13806846,0.330811286
91,-0.068642363,0.123467961,-0.504636303
92,0.047269194,-0.009515091,0.063976011
93,0.047326346,0.369907158,-0.398718997
94,0.024519402,0.069378656,-0.468226099
95,-0.006318922,0.269172729,-0.336471813
96,0.059477832,0.297361123,0.022337638
97,-0.057769601,-0.210290902,-0.250140725
98,0.16036209,-0.08477128,-0.259923959
99,-0.032039226,0.038116447,0.059893511
100,0.082040136,0.06704194,0.769725562
101,0.073397418,0.121983473,-0.349556166
102,-0.180394205,-0.229602046,-0.550750874
103,-0.069112207,-0.284531137,-0.30485163
104,0.069617737,0.080952363,0.053806267
105,0.072973101,0.085095068,0.243493699
106,0.013238829,0.127787886,-0.250024132
107,-0.225585218,-0.202980489,0.039220643
108,-0.023589472,-0.094924649,-0.130933102
109,-0.021324926,0.256420493,0.324120071
110,0.020569326,0.018555156,0.136592027
111,0.016757841,0.278365424,-0.012425513
112,-0.059697434,0.121954327,-0.540073355
113,0.064644789,-0.061248393,0.015956734
114,0.029209945,-0.011554053,0.354907835
115,-0.096845336,0.112803515,-0.012515053
116,0.03952434,0.202122838,0.371973306
117,0.090383587,0.265697043,0.195644827
118,-0.021552021,0.264816639,0.16841765
119,-0.055452177,0.006652946,-0.165871756
120,-0.012057528,0.050801932,0.047368964
121,0.017002149,-0.022695657,0.014501841
122,0.039864044,0.249635606,0.256372142
123,0.064444247,-0.126995054,-0.137849729
124,0.047296499,-0.090228702,0.442289597
125,-0.048174177,0.087057458,-0.000922389
126,0.031589387,0.232404449,0.096489019
127,0.030491448,0.107943586,-0.262696523
128,-0.076032343,0.038747437,-0.167997012
129,0.082469406,-0.074726799,0.329871146
130,-0.028192861,0.052892899,-0.460285502
131,-0.128912291,-0.046176316,0.09931694
132,0.024590763,0.014969327,-0.134182352
133,0.049826648,0.024774705,-0.324164159
134,-0.17934603,-0.079411271,-0.110409998
135,0.058650382,0.177934055,0.321740201
136,-0.054500256,0.153316312,-0.190248317
137,0.03904104,-0.098303679,0.297386441
138,0.066128772,0.053065153,0.013287841
139,0.063730067,-0.101166984,-0.198169786
140,0.059252635,0.119440264,0.171220669
141,0.035297063,0.213622241,0.101840091
142,-0.110286032,-0.134160675,0.136201029
143,-0.006720187,-0.182130454,-0.083891039
144,-0.061735327,0.067822996,-0.067498107
145,0.041996527,0.239647734,-0.010501704
146,0.035758825,0.32536436,0.043475565
147,0.102169302,-0.730001593,0.984423885
148,0.058201054,0.129742192,0.261561817
149,-0.04660076,-0.254315021,0.477331596
150,0.175381322,-0.061232271,0.696268931
151,0.067410706,-0.014118531,0.024563445
152,0.006956126,0.041504103,0.194595512
153,0.061587508,-0.163206729,0.452510247
154,-0.15246836,-0.054690045,-0.307039376
155,0.046787785,0.022802123,0.267143343
156,0.051053199,0.293509011,-0.20565272
157,0.117161321,0.104258837,0.249744482
158,-0.061746906,-0.038880174,-0.36493621
159,0.04436546,-0.065869993,-0.171019518
160,0.012110746,0.231045097,0.058951653
161,-0.010316167,-0.036493298,0.085295569
162,0.088034428,0.097934008,0.246591648
163,0.119823312,-0.041811218,0.470784032
164,-0.021922893,0.011065916,-0.370094583
165,0.073999728,-0.003549181,0.388431515
166,-0.104976187,-0.180567647,-0.231674846
167,0.023622722,0.074840895,0.067618789
168,-0.153321789,-0.483792212,-0.18631348
169,0.073761457,-0.011112145,-0.140188071
170,0.028595823,-0.002485907,-0.03741903
171,0.13746842,-0.668714436,0.627074428
172,0.008372515,-0.069969683,0.556397132
173,0.014799367,0.006472106,0.021832274
174,-0.045950527,0.040268737,-0.654932182
175,0.079542621,-0.029888372,0.172777078
176,-0.0216562,0.031928605,0.090559925
177,-0.235851478,-0.166457993,-0.316686783
178,-0.003935584,0.009485182,-0.473270426
179,0.115265931,0.156677503,-0.581630104
180,0.072881409,-0.091568823,-0.001573675
181,-0.000237455,-0.723874873,0.485646992
182,0.066149878,0.025017303,0.02320885
183,0.1268981,0.174767421,-0.035335359
184,-0.018581259,0.149369321,0.001271957
185,-0.005146951,0.079890047,-0.161057312
186,0.096546633,0.371318429,-0.098801545
187,0.055818669,-0.029165035,-0.316085795
188,-0.078621833,-0.06306165,0.422927564
189,0.064404829,0.14528395,-0.033818451
190,0.107184399,-0.083378991,0.514021858
191,0.037938258,0.01136024,-0.098400234
192,-0.128440798,0.118993547,0.022074123
193,0.024250752,0.154966579,0.153219148
194,0.076986951,-0.017114604,0.270899751
195,-0.091543681,-0.149030643,0.214022244
196,-0.065882946,0.017431037,-0.5646608
197,-0.105704118,0.138632625,-0.427061136
198,-0.013629308,-0.185962203,-0.246651869
199,0.021498543,-0.039599639,-0.007966763
200,0.102756038,-0.495476157,0.219930225
201,-0.008009384,0.284850501,-0.132269078
202,0.116026581,0.101195532,0.289462361
203,-0.064198286,0.030013435,-0.151195497
204,0.009504324,0.081117898,0.174872634
205,0.086484049,0.072383307,-0.803601065
206,-0.169076242,0.212220976,-0.375564711
207,-0.202182747,-0.155019358,0.104158838
208,0.111238758,0.111527057,0.245367103
209,0.05722062,-0.066193881,0.418576167
210,-0.056542603,-0.321517921,0.096244088
211,0.082840176,-0.155798536,0.3155195
212,0.085306273,-0.007329652,-0.308733605
213,-0.157540117,-0.319386919,-0.400729523
214,-0.044051657,0.076919789,-0.375966697
215,0.06082946,-0.032004861,-0.030764357
216,-0.045226721,0.066332022,-0.015932172
217,0.05783455,0.275369078,0.160326709
218,0.067962649,0.105578138,-0.004668214
219,-0.038346948,-0.122741923,-0.091426024
220,-0.026328329,0.005521335,0.218718477
221,0.007038245,-0.14429138,0.145624893
222,-0.383438212,-0.870771161,-0.151572815
223,-0.078176876,-0.197047564,-0.289839451
224,0.010699159,-0.009420194,-0.143567082
225,0.008770324,0.089731069,-0.539625279
226,-0.116519341,-0.053285577,-0.295366893
227,-0.080737942,0.011239848,0.190754414
228,0.06811849,-0.106436695,-0.099783521
229,-0.165444,-0.857003676,-0.044691725
230,-0.04342277,0.197536109,0.510396654
231,-0.007203431,-0.044164612,0.20988259
232,0.022397821,0.077102488,0.082776103
233,0.022157535,0.064699686,0.351553581
234,-0.017367554,-0.168983603,0.031914622
235,0.138550466,0.190490328,0.038503766
236,-0.013507936,-0.149448827,-0.141843593
237,-0.267895047,-0.248397852,-0.0401502
238,0.020378883,-0.165782253,-0.166797226
239,-0.067021599,0.018843656,-0.235741407
240,0.017843129,0.044786362,-0.060232552
241,0.140649271,0.418043462,0.154931012
242,-0.042903436,-0.214747057,-0.008578985
243,-0.016218456,0.09810368,-0.575596278
244,-0.063721918,-0.142588654,0.558499671
245,0.02294005,0.092337758,-0.179387136
246,-0.079748364,-0.333863197,0.280458403
247,0.127559677,-0.015029745,-0.002106687
248,0.03357996,0.097588735,0.051229148
249,0.093359215,0.259262986,0.374346073
250,0.096626723,0.095621747,0.137428312
251,0.027413022,0.135414235,0.013897793
252,-0.056358717,-0.112235489,-0.329480472
253,-0.028708557,-0.143585523,-0.469233186
254,-0.002838043,0.113460885,0.224762092
255,-0.045397245,0.080004615,0.389996929
256,0.060891079,0.055949046,0.342700677
257,-0.000952266,0.239298016,-0.254441535
258,0.045995498,0.321646737,-0.505843068
259,0.080480642,0.36306431,0.131218671
260,-0.050799246,-0.070938222,-0.08901286
261,0.106854307,-0.023024079,0.485773597
262,-0.11016752,0.098876424,0.22011169
263,0.023718763,-0.125152751,0.408750733
264,0.115921829,0.056095526,0.441551952
265,0.087294426,0.02809824,0.132846979
266,-0.069632799,-0.106081112,-0.603705453
267,0.0309967,0.15442738,-0.059353342
268,0.069393121,-0.143390259,0.773931129
269,-0.01084367,0.260873949,-0.421012766
270,-0.04398993,-0.027540883,0.117072829
271,0.078241002,-0.01009616,0.195981485
272,-0.067800088,0.163169337,-0.077003544
273,-0.042122601,0.068077402,0.017007267
274,0.048662024,0.089525475,0.34524476
275,0.042888891,0.33048026,0.128852658
276,-0.02532898,0.059990748,0.235028613
277,0.031378042,-0.200533447,-0.046774901
278,-0.02030351,-0.005687484,0.163733232
279,0.129692357,0.49359218,0.178279436
280,-0.297025263,-0.043344813,-0.032613662
281,-0.089940839,-0.276533955,-0.884445134
282,0.077901831,-0.072301274,-0.116646273
283,-0.144956259,-0.340082605,0.139216874
284,0.09841162,-0.043464915,0.184942078
285,0.082858555,0.009156798,0.302671988
286,0.006311399,0.003333721,-0.052693531
287,0.063333462,0.152860673,-0.067020119
288,-0.130451139,0.333036815,-0.145799307
289,-0.21740291,-0.236096639,-0.263822947
290,-0.492550935,-0.134612591,0.617007829
291,0.007545676,-0.172990126,0.064563254
292,-0.019319989,0.350204719,-0.015940261
293,0.098371332,-0.100133398,0.369398098
294,0.060683332,0.116511231,-0.381424696
295,-0.015812486,0.303459968,-0.231236984
296,0.070037872,0.158630013,-0.166923846
297,0.054289504,-0.001348919,-0.441455071
298,-0.115550428,-0.064319599,-0.592463448
299,0.062161655,-0.023537895,0.352334207
300,-0.018012203,0.026606003,-0.175896439
301,-0.042261049,-0.144446157,-0.513060951
302,0.029573352,0.18454154,0.111648644
303,-0.075958746,0.003517726,-0.290409777
304,-0.127623235,-0.020213574,0.439209251
305,0.073696598,0.055839926,0.150747371
306,-0.010217421,-0.094386539,0.116671095
307,-0.016534781,0.254595407,0.00587778
308,-0.012427771,0.406550567,-0.25915485
309,-0.076803645,0.019197456,-0.469596803
310,0.009100452,-0.092702103,0.015698946
311,0.055288297,0.187978588,0.176713398
312,-0.071474194,-0.015392218,0.116355524
313,0.102321929,-0.359373752,0.973272913
314,0.047784456,0.084897556,0.189436416
315,-0.00036405,-0.001596391,-0.572929627
316,0.08643959,0.092140456,0.135006963
317,0.10133642,0.152338819,0.807695647
318,0.037466582,-0.096674988,0.234696286
319,0.083755476,-0.05350678,0.843169404
320,0.068839212,-0.038916232,0.165644343
321,0.002979458,-0.008950251,0.387052035
322,0.041373166,0.170328507,0.027317591
323,0.040492631,0.014952602,0.384726673
324,-0.201964693,-0.641484856,0.138222613
325,-0.021734412,0.181012764,-0.21450373
326,0.026325959,0.062306599,-0.085945085
327,0.076167278,0.404826488,0.190945704
328,0.012407984,-0.224947753,-0.253660495
329,-0.285600671,0.185773753,-0.333856819
330,0.144285834,0.154813782,0.328284577
331,0.06363015,-0.062927781,-0.165025261
332,0.038962046,0.463955208,-0.054421772
333,0.104574774,-0.438428221,1.1119115
334,0.07697315,-0.162574873,0.770969337
335,0.033673539,-0.408201951,-0.26052038
336,0.057398241,0.240281624,0.088113811
337,-0.353208736,-0.439257407,-0.100500877
338,0.076218484,-0.111457309,0.320858562
339,0.002901121,-0.112543391,0.264195494
340,-0.0227774,-0.054223548,0.415200987
341,0.111915298,0.026233726,-0.004428768
342,-0.158482697,-0.439279978,-0.185792544
343,0.035946287,0.077365578,0.363121369
344,-0.064214412,-0.101834748,-0.304498771
345,0.076509406,-0.039315386,0.290613364
346,0.104346877,0.276701166,0.060046294
347,-0.048308724,-0.057280545,-0.52656179
348,-0.04449179,0.16449413,-0.988175583
349,-0.037218008,-0.077714058,-0.103122571
350,0.085824769,0.112502068,0.042527555
351,0.107632317,0.191590121,0.208453783
352,0.018699393,-0.105221452,-0.067195263
353,-0.020837114,0.017886276,-0.548597311
354,-0.048381945,0.064493093,-0.145572516
355,-0.127716067,-0.101079355,-0.572370952
356,0.032561041,0.214315541,-0.344026419
357,0.012623446,0.124375385,-0.216366711
358,0.053178168,0.04204596,0.214447147
359,0.053215417,-0.07952958,0.868424018
360,-0.137261531,-0.021096459,-0.584583976
361,-0.378209156,-0.307763182,-0.787124434
362,0.010794258,-0.029139746,0.113070844
363,0.133812348,0.132089018,0.52288579
364,0.072126763,-0.005500293,0.42360363
365,0.036228198,0.112578209,-0.551160139
366,0.069559284,0.025488947,0.254810767
367,-0.123364097,-0.002107102,-0.218267987
368,0.020680788,0.133922799,0.099894779
369,0.058713609,0.066479895,0.151624688
370,0.048782506,0.127677953,-0.012003835
371,-0.027965705,-0.208527307,-0.290627821
372,-0.117488261,0.074060873,-0.072768017
373,0.005932918,-0.17790824,-0.126110771
374,0.071385362,0.424396123,0.082691215
375,-0.069206027,0.014491125,0.29488377
376,0.029132813,-0.024874755,-0.047816418
377,0.059101467,-0.19285926,0.101090827
378,0.066804127,0.174135818,0.233634586
379,0.009413588,0.130432454,-0.047359941
380,-0.006950923,0.039322361,0.177559952
381,-0.485955993,-0.674780977,-0.384084181
382,-0.027342307,-0.104272441,-0.045689527
383,0.076476204,0.445289225,-0.219861713
384,-0.146018689,-0.139533812,0.281527723
385,0.043107597,0.243260724,0.237644239
386,-0.375860521,-0.108271567,-0.168094569
387,-0.048715534,0.050947129,-0.786313752
388,0.006975765,0.135314201,-0.056250967
389,0.06726696,0.175627266,0.413619819
390,0.000785976,-0.119533659,-0.165205703
391,0.103706929,0.184689013,0.0965087
392,-0.02077542,0.038087709,0.287913524
393,0.000600562,-0.099996755,0.059832261
394,-0.014131071,-0.133274488,-0.325693308
395,0.06264092,0.170946278,0.153810438
396,0.072378597,0.17432561,-0.087386554
397,-0.175080225,-0.002389415,-0.373953883
398,-0.067926596,-0.071714715,0.184364996
399,0.009128291,-0.068151336,0.534853692
400,0.067038661,-0.145571572,0.060189676
401,0.023561459,0.142952708,0.316947733
402,0.053387848,0.100050022,-0.054558796
403,-0.043175733,-0.18388248,0.154225309
404,-0.136000088,-0.036356209,-0.442756255
405,0.105734445,-0.047904663,0.302952249
406,0.053133982,0.434834912,-0.419615972
407,0.068844475,-0.225208942,0.360323276
408,0.052067853,-0.022826531,0.22502144
409,0.053750461,-0.05212464,0.337439458
410,0.073272198,0.333199222,0.033273409
411,0.01450329,-0.092756045,-0.012046909
412,-0.328650549,0.080587636,0.31652174
413,0.051844774,-0.196034418,-0.361100019
414,-0.008214646,-0.03121633,-0.126576344
415,0.021909862,0.278117602,-0.427922021
416,-0.162491383,-0.353866038,0.013549808
417,0.018098764,-0.092807615,0.006019081
418,-0.032855107,0.0050874,0.455035123
419,0.023772116,-0.027689555,0.124020973
420,0.108758337,0.294854637,0.229101698
421,0.038772708,-0.264268723,0.64141121
422,-0.075806793,-0.239851105,-0.114927673
423,-0.006040692,-0.095725431,0.240837056
424,0.075941506,0.144837181,0.360495609
425,0.049638324,0.212208074,0.034267677
426,0.01647008,-0.163337979,-0.41625732
427,-0.074171319,0.273616247,0.337319067
428,-0.003120623,-0.165722887,-0.20438197
429,0.031930269,0.229722507,0.075888427
430,0.058690301,0.270422817,-0.143476317
431,0.036407447,-0.184332908,-0.520352991
432,0.020628996,-0.079378139,-0.23567944
433,0.092803995,0.07617002,0.054724656
434,-0.125999649,-0.128307148,0.308114367
435,-0.115181446,-0.136814639,0.157096053
436,-0.123963476,-0.197401399,-0.774505372
437,-0.075356201,-0.208079303,-0.390181178
438,0.107584025,0.252801087,0.332065416
439,0.104545202,-0.171630727,-0.216288381
440,-0.079803433,0.105371771,-0.31859176
441,0.044709612,-0.007306299,-0.202189313
442,0.142097856,-0.02913753,0.303212497
443,0.083022398,0.258360774,0.327333981
444,-0.009591845,-0.252808232,-0.195041733
445,-0.289559413,-0.183470796,-0.250580304
446,0.067548759,0.145733278,0.22600236
447,0.004333689,0.077109042,0.086927964
448,0.040806178,-0.126671552,0.171467487
449,0.042232758,-0.327239695,0.786765984
450,0.087499324,0.081880817,-0.002356782
451,-0.129302437,-0.211927466,-0.49799852
452,0.137311758,0.067923399,0.452337251
453,-0.129248751,-0.485905459,0.130496383
454,0.048347579,-0.161993375,-0.345623696
455,-0.071562836,-0.082806809,-0.414040019
456,0.117499123,0.021825002,-0.14475805
457,0.005458288,0.00251052,0.326337225
458,-0.167903993,-0.089646354,-0.563045896
459,0.00936427,0.127472113,-0.319054874
460,-0.0498436,-0.310332359,-0.082456594
461,-0.029429511,-0.120037542,-0.593551421
462,0.051274149,0.026559642,0.055111305
463,0.010474725,0.16844763,-0.453656184
464,0.021401444,-0.229976017,0.186177466
465,-0.003249696,-0.065551666,-0.083913932
466,0.009929521,-0.04914974,-0.396628923
467,-0.03441241,-0.173760514,-0.108881331
468,0.07538082,-0.255356473,0.187565162
469,0.047177311,0.208987329,0.382111061
470,-0.01407391,-0.058962536,-0.151002115
471,0.074491214,0.139191849,0.199092827
472,0.116755237,-0.237241868,0.288968921
473,-0.052462932,0.098926457,-0.347738525
474,-0.174234515,-0.063015753,-0.193071142
475,0.121283779,0.382119263,0.338029891
476,-0.022698208,0.168242968,0.423691096
477,-0.067613148,-0.379253125,-0.185934969
478,0.135212226,0.060260609,0.589186354
479,0.057178324,0.039427811,0.212653438
480,-0.039958583,-0.062738471,-0.289644401
481,0.016171242,0.182503058,-0.182736999
482,0.008590276,0.211681025,-0.152560812
483,0.126611642,-0.084288404,0.532810422
484,-0.036362324,0.36682005,-0.503615669
485,-0.239169486,-0.426536258,0.23256196
486,0.140877742,0.111115275,0.575950702
487,0.008645703,0.01674695,-0.052763187
488,-0.04410363,0.003701957,0.065529273
489,-0.031892957,0.198969455,0.142980377
490,-0.019319718,0.000526638,0.038764385
491,0.023605801,-0.305920745,0.113660438
492,0.053709959,-0.054117232,0.110344467
493,0.061072409,0.10923273,-0.327682479
494,0.066120879,0.153083201,0.059375504
495,0.131462238,-0.211972881,0.462764144
496,-0.027680764,-0.111651809,0.208708012
497,-0.117587793,0.287805823,-0.158794518
498,-0.072020697,0.105561441,-0.369033533
499,-0.003573885,0.053826035,-0.24694563
500,0.080128384,0.155778481,-0.121634906
501,-0.146726103,0.069555989,-0.060520114
502,0.079842264,0.0129227,0.148042671
503,0.106080169,-0.055042791,0.527802726
504,-0.124784248,-0.345304315,-0.03782169
505,0.081509587,0.113377888,0.471118164
506,-0.025391982,-0.08176011,-0.486816587
507,0.13173557,-0.02269093,0.529300212
508,0.039380454,0.240203143,-0.167727338
509,0.005379213,0.064211555,0.013397456
510,0.114236353,-0.128846151,0.314595804
511,0.082313978,0.187203537,-0.051143019
512,0.001238489,0.098094057,-0.218192649
513,0.02801428,-0.103888468,-0.218814506
514,0.020643904,-0.281751898,-0.044241754
515,0.111613124,-0.190723443,0.470990672
516,0.062157387,0.176087553,0.099733452
517,0.05344571,0.16735908,-0.126221236
518,0.009342567,0.00845639,0.109420046
519,0.005833825,-0.065188743,-1.20185748
520,0.050000146,-0.120470834,0.212503271
521,0.068949493,-0.047542029,-0.045784014
522,-0.089169364,0.210244563,0.09665887
523,0.070001977,-5.16E-05,-0.054618157
524,-0.030924259,0.001878768,-0.046034957
525,0.01051011,-0.436835776,0.127971272
526,0.097580616,0.175953788,0.169353013
527,-0.153121757,0.198860196,-0.181634565
528,-0.045017949,0.003383653,0.23302792
529,-0.033721234,-0.005327696,0.353194733
530,0.089213067,-0.202255926,0.12442573
531,0.037429471,0.122027095,0.113461622
532,-0.038534275,-0.310819943,-0.494158222
533,-0.025474001,-0.249123371,-0.310963439
534,0.088526527,0.10336653,0.094907018
535,0.09437589,0.1401241,0.761899068
536,0.184347096,-0.021508769,0.592765148
537,-0.007486674,0.267013246,0.18191979
538,0.060618162,0.087945655,0.351314026
539,0.077934224,-0.155230913,0.021655817
540,0.056720765,0.122973,0.128017267
541,0.055732587,-0.223260223,0.526585129
542,0.028399646,0.042342231,-0.053085492
543,0.019048602,-0.018927509,0.24555742
544,-0.103906865,0.109458784,-0.285531462
545,0.068775335,-0.141057751,-0.100238944
546,-0.340451944,-0.720225887,-0.351841158
547,-0.00904538,-0.183874467,0.06338592
548,-0.078215692,-0.277784152,0.08132391
549,-0.05969798,-0.057703467,-0.318211225
550,-0.091478101,0.148114151,-0.582633618
551,0.024707421,0.022176469,-0.056352195
552,0.069540378,0.292395995,0.02893552
553,0.049125016,0.191653345,0.174328626
554,0.018726986,-0.344236913,-0.206953992
555,0.010224815,-0.157684989,-0.373935975
556,0.05141192,0.097650985,0.224535274
557,-0.039165442,-0.088778202,0.230272512
558,-0.017082175,0.089387569,-0.420235033
559,-0.056438193,-0.158400396,-0.511489796
560,0.021009686,0.134030425,-0.276417099
561,-0.063073671,-0.038434498,0.144681927
562,0.078132525,0.316820815,0.164438539
563,0.009079568,0.148879045,-0.467806525
564,-0.004862975,-0.114021795,-0.297223271
565,-0.0133518,-0.030349091,-0.060338707
566,-0.152243718,0.180007837,-0.169834375
567,-0.006427236,0.247080433,0.010117713
568,0.08664987,0.132715729,0.496683598
569,0.073591108,-0.205449067,0.616437498
570,0.01840949,0.076901515,0.018565261
571,-0.078364439,-0.104458879,-0.397714799
572,-0.10139582,0.026972118,-0.163624376
573,-0.15449017,0.154759281,-0.308629531
574,-0.020143805,-0.113814992,0.173978029
575,0.033980022,-0.043206735,-0.089031833
576,0.014161863,-0.007790136,-0.584444971
577,0.094550267,0.224412033,0.076108203
578,-0.089868898,-0.272459246,-0.173674856
579,-0.008689247,0.120061728,0.07595297
580,0.048106086,0.224342669,0.106526746
581,0.057143064,0.052226156,0.372920006
582,-0.223384744,-0.012886671,0.174840622
583,0.016355116,0.07648772,0.050777532
584,0.137310839,-0.089191784,0.130331753
585,0.04267004,-0.022904709,0.158864851
586,0.0459867,0.303244604,0.224298163
587,0.06083556,0.054041175,0.218945137
588,0.011437926,0.024647707,0.115357129
589,-0.020123582,0.360580582,0.16696286
590,0.023299362,0.062105859,0.180242262
591,-0.04061938,0.133033736,0.275146188
592,-0.003433151,-1.029856862,0.243088195
593,0.049907481,-0.017176496,0.110763284
594,-0.108778326,0.065386052,0.081374987
595,0.024545986,0.002489529,-0.172900503
596,-0.102634774,-0.191152952,0.110701432
597,0.088341269,0.342718557,-0.037718942
598,0.002579647,0.058501541,0.217914249
599,-0.017228491,-0.070184643,-0.636984501
600,0.060146074,0.227660705,0.803701698
601,-0.063875332,-0.04245562,-0.13671272
602,0.037947445,0.152831987,0.003801817
603,0.058372551,-0.316566244,-0.14998599
604,0.094334593,0.003227118,-0.57489953
605,-0.095215485,-0.533179878,-0.36490263
606,0.001743388,-0.130238085,-0.096785754
607,0.005240848,0.036678092,-0.213647211
608,0.113297483,0.261146657,0.017296381
609,0.039665347,0.088638899,0.342688432
610,-0.190167939,0.018941632,0.021386813
611,0.092792752,0.156945327,0.320631373
612,0.007253576,-0.182197124,0.476814907
613,0.045285047,-0.076765921,0.07010574
614,-0.017830357,0.177199798,-0.342040826
615,0.004627443,0.152451283,0.02192033
616,0.004619367,0.12839827,0.063052655
617,0.04244559,-0.065381777,-0.182654289
618,0.087478426,0.455478482,-0.154369469
619,0.087478351,0.025460043,-0.123288657
620,0.078039989,0.721686747,0.046058369
621,0.013676478,0.131527908,-0.482746523
622,-0.012097894,0.009728372,0.289000213
623,-0.04849149,-0.106125149,-0.545230661
624,0.078233592,-0.115694844,-0.374220988
625,-0.050635874,0.283128879,0.083076887
626,-0.071973176,-0.052240669,-0.20399348
627,0.005185327,-0.007852048,-0.23920636
628,0.032865663,0.372448854,0.012594114
629,-0.110299668,-1.007591733,-0.328187084
630,-0.026087938,-0.055240469,-0.075250268
631,0.013555669,-0.126890456,0.190482439
632,-0.026131695,-0.130508372,0.101544945
633,-0.022682807,0.118705055,-0.396178394
634,0.017499741,0.171804313,-0.002627518
635,-0.012491661,0.141687024,-1.052667871
636,0.062812305,-0.283161541,0.189124827
637,0.058630689,0.007969185,0.215140488
638,0.080984548,0.039333767,0.012174178
639,-0.054097755,-0.33524847,0.124404182
640,-0.057010037,-0.156824488,-0.068610437
641,0.058437287,0.363938115,0.505646461
642,0.057773882,0.0554626,0.121154519
643,0.057213737,-0.16327413,0.532935668
644,-0.068727354,0.090222451,-0.444263194
645,-0.063818719,-0.117088177,-0.490279909
646,-0.165373774,-0.032951464,-0.087079535
647,-0.128475621,-0.115589474,0.234276366
648,0.033511416,-0.108112974,0.507165915
649,0.082613583,0.302519528,-0.270882049
650,0.060733852,0.098278515,0.48801173
651,0.063723358,0.189022232,-0.025772583
652,0.051863795,0.1240867,0.187880609
653,0.009303111,0.227958117,0.201213261
654,-0.020760296,-0.036299711,0.608243477
655,0.068677467,0.030570523,0.238452593
656,0.094868594,0.126828159,0.195153456
657,-0.072413214,-0.228363691,-0.072031344
658,-0.044266555,0.223210939,0.053942496
659,0.025634881,-0.14799589,0.334337965
660,0.012135483,0.009819108,-0.376284015
661,0.001607735,0.116386363,-0.529854598
662,-0.01389615,0.180566158,0.223360433
663,0.060560537,0.264840355,0.335284113
664,-0.057820805,-0.006355667,-0.364189516
665,-0.021380525,0.135367783,-0.287784433
666,-0.042877103,-0.045662507,0.100930947
667,-0.123643832,-0.684835602,0.29096154
668,0.035279846,-0.452695324,-0.141998407
669,-0.027730847,0.15768943,-0.243449853
670,0.004008451,0.067447931,-0.009652586
671,0.057460364,0.1799468,0.086276966
672,-0.113180466,-0.460663399,-0.347237181
673,0.02398765,-0.156425042,-0.276541849
674,0.078281839,0.047933639,0.39255999
675,-0.22285766,-0.691710891,-0.112174459
676,-0.187890189,-0.565299158,-0.36705101
677,-0.073226777,-0.230693569,-0.381483994
678,-0.183783059,-0.709331762,-0.224886613
679,-0.035531025,-0.018523969,0.049229386
680,-0.158983228,-0.544591322,-0.351096831
681,-0.097552246,-0.053031601,-0.120139199
682,0.05114262,-0.140413758,0.397574768
683,-0.028428627,0.192197269,-0.130270821
684,-0.052762525,0.128320409,-0.301314987
685,0.141670154,0.05787073,0.12219382
686,0.014983643,0.039375348,-0.188662386
687,0.040829747,0.26255293,8.40E-06
688,-0.03407353,0.008467648,-0.285248972
689,0.011922858,-0.10726625,0.124019975
690,0.01168684,0.040502645,0.199284915
691,-0.06228844,0.140132663,-0.050642242
692,-0.005186808,-0.018106335,-0.45480421
693,0.015559753,-0.420807087,0.982008652
694,0.086524536,-0.184825554,0.274703451
695,-0.242408259,-0.057685666,-0.156089376
696,0.006004319,0.074493356,-0.509711541
697,0.017647379,0.041482995,-0.069124257
698,0.023995356,0.250346132,0.234700702
699,-0.137345373,-0.279994099,-0.661244418
700,-0.029122381,-0.017436633,0.286551231
701,0.084880333,0.257226371,-0.236470877
702,0.034606947,-0.150123809,0.193863041
703,0.03321249,0.039546722,-0.090787235
704,0.068092808,0.042627035,0.047852454
705,-0.093133107,-0.002480672,0.431348293
706,0.117170518,0.144284674,0.429171257
707,-0.059510197,-0.019361631,-0.54465941
708,0.110573855,0.237003572,-0.140233758
709,-0.113314468,0.05686479,0.321000748
710,0.062151459,-0.054725478,0.360705363
711,-0.081802111,0.018292919,-0.162089013
712,-0.021247855,0.052288639,-0.166733247
713,0.074727769,-0.023867685,-0.038529338
714,0.100862259,0.170115487,0.122982247
715,0.042556643,0.080284598,-0.326096683
716,0.015342958,-0.125766159,0.178396206
717,0.083070067,-0.003702084,0.253875165
718,0.064688574,0.57522464,-0.402963826
719,-0.056380523,0.116013493,-0.490424518
720,0.009440324,-0.10479347,-0.168051405
721,-0.106723426,0.109695721,0.085012791
722,0.028163914,0.281827216,-0.010305288
723,-0.015541878,0.023611305,0.240176238
724,0.084285898,-0.285315871,0.115188022
725,-0.07324599,-0.103112328,-0.522863751
726,0.165144215,-0.053652516,-0.002836718
727,0.042548072,-0.167452209,-0.122151896
728,0.097091363,0.215619609,-0.468747644
729,0.024915208,-0.07673092,0.140664796
730,-0.181620081,-0.378075446,-0.392098689
731,-0.074086476,0.221796189,-0.423056855
732,0.052061729,-0.054427009,0.052706065
733,-0.115935953,-0.38832242,0.280865775
734,-0.013120268,-0.173995422,-0.088781445
735,0.119997035,0.211723882,0.197683848
736,0.070576481,0.183801985,0.34624197
737,0.099493264,-0.29009216,0.381910739
738,-0.046883364,-0.043107294,-0.154962638
739,-0.107917753,-0.265914713,0.23757854
740,0.013960904,0.041946062,-0.146653609
741,-0.172839272,-0.025730436,-0.047923933
742,-0.106985169,0.122334642,0.301671182
743,0.110282019,0.037186203,0.514141611
744,0.073468189,-0.017655373,0.111753406
745,0.036434786,0.13076848,-0.085317579
746,-0.007516684,-0.322844691,0.42391996
747,-0.057150825,0.100950055,-0.232962714
748,-0.061350474,0.149841277,-0.037109541
749,0.072998458,0.039806961,0.279492648
750,-0.099840658,-0.101411788,-0.11841013
751,-0.020846809,-0.342852657,-0.195174044
752,0.043656926,-0.031330738,0.180772044
753,0.090923472,-0.09386242,-0.282217519
754,0.006066135,-0.111655136,-0.384646188
755,0.141035537,-0.252507522,0.366794593
756,0.007069495,0.012743072,0.131971434
757,-0.021420639,-0.056249775,0.088734306
758,0.013641021,0.229868249,0.245369896
759,-0.037408636,-0.009026882,-0.387030302
760,0.150973354,-0.020515342,0.561627991
761,0.020079699,-0.383824932,-0.28766999
762,0.057744385,0.138405547,0.063102203
763,0.03115608,0.104272048,-0.042177096
764,0.061724075,0.332363297,0.24673057
765,0.068848261,0.121611056,0.229480626
766,0.16964177,-0.226009711,0.219730962
767,0.027596809,0.099349749,-0.150170527
768,0.079821981,0.168197034,-0.017485186
769,-0.040363069,-0.286117745,0.156641878
770,0.130070539,-0.023879079,0.11649725
771,0.076201815,0.222621295,-0.21340652
772,-0.121950223,0.027259149,-0.210425552
773,-0.116908262,-0.060513222,0.217578296
774,0.069787511,-0.191211254,0.198306583
775,-0.087465488,-0.483210778,0.203094533
776,0.06319045,0.182209768,0.517741602
777,-0.070223388,-0.014654071,-0.282257657
778,-0.084168259,0.027449311,-0.11679255
779,-0.015680725,0.006239501,0.352157846
780,0.098678218,-0.229640756,-0.376723977
781,0.083369841,-0.121707505,0.602250713
782,0.089593365,0.217565681,0.123380401
783,-0.078017485,0.072983585,0.327294793
784,0.087878532,-0.046269271,0.106109667
785,0.07790879,-0.022359001,0.161648684
786,-0.065332182,-0.292080232,0.224434628
787,0.028854956,0.07418072,-0.335367326
788,0.051939356,0.069197927,-0.013615202
789,0.085043,0.286069964,0.048205659
790,0.050752767,-0.198104275,-0.115777651
791,0.078923826,-0.080074399,-0.292733576
792,0.10480661,-0.217586163,0.071576909
793,0.033446182,0.339029298,-0.322883003
794,0.057462725,0.143473208,-0.469158177
795,0.051512116,-0.077861465,-0.352961391
796,-0.067204286,0.02532056,-0.134356782
797,0.068388392,0.115700363,0.223007346
798,-0.039398794,0.038724507,-0.084635999
799,-0.006330163,0.017566258,-0.463838977
800,-0.150618099,0.114561107,-0.082390675
801,-0.012476626,0.057168007,-0.151313519
802,-0.001719302,0.101253253,-0.590652943
803,-0.146525633,-0.157676401,-0.435245212
804,-0.017716344,-0.018026536,0.161798619
805,-0.052830442,0.166098664,-0.476440725
806,0.046380002,0.112732274,0.352033379
807,0.111428685,0.345973518,0.180231424
808,0.011835351,-0.05623347,-0.17092968
809,0.071803141,0.266673671,0.218513557
810,0.02747439,0.081161785,-0.23920845
811,-0.021417094,0.021355695,-0.271888143
812,0.005930078,0.123414185,0.10906488
813,-0.044147358,-0.002624672,-0.013801154
814,-0.069362602,0.11885897,0.376196731
815,-0.055780984,-0.086440046,-0.157818174
816,-0.07637481,-0.150898172,-0.957505893
817,0.002391566,0.192644088,0.130259993
818,-0.038998509,0.084559541,-0.250079963
819,-0.00869471,0.057140126,0.284747743
820,0.016083954,0.269044863,-0.34567625
821,-0.069952813,-0.044787333,-0.264164493
822,0.058599976,-0.000693575,0.025702513
823,0.063304836,-0.012299974,0.089827541
824,0.010881197,-0.110939353,-0.441740451
825,-0.189385031,-0.119681154,-0.154444344
826,0.029190633,-0.18405353,0.323208517
827,0.041899881,-0.049140464,0.126109472
828,-0.032215385,0.057038211,-0.021586242
829,0.036188051,0.116646366,0.189427864
830,-0.015380125,-0.263424129,0.150306401
831,0.033711975,-0.193847494,-0.080832332
832,5.46E-05,0.089620203,-0.183634261
