,Firearm Prevalence,Gun Shops,Homicides
0,0.03491098029299877,0.2264505618303907,-0.48179558688678287
1,-0.03349753237494557,-0.050938715837610005,0.016602425248876562
2,0.01902796192043521,0.18822115540642925,0.15042963794756026
3,0.05491404722834403,0.18590703033796263,0.352062975242903
4,-0.025325437332565315,-0.07741637313209404,-0.24857172684325435
5,-0.026646330647320582,0.08755225140676393,0.08104228352919929
6,0.049553438244574366,0.10403954127023596,0.23117028399522188
7,0.1519471261370713,0.04961343972915544,0.3851126264208007
8,-0.061037204700507,0.3302911004793674,-0.0940847074411919
9,-0.16796528870576477,-0.17986708643477423,-0.3419862175115447
10,0.03901523953528496,0.2737855258552093,0.12213259561325218
11,-0.03653021665318601,-0.04874876571085007,-0.49331624691205894
12,0.07648905693318042,0.17174418958654014,0.01462769730673652
13,0.02300651880937732,0.19319904545954092,0.2594891138363895
14,0.07476998932297807,0.20578320256381932,0.4510603357192853
15,-0.0245281047723358,0.2704064870704914,-0.41694880285378505
16,-0.05333043548300065,0.09403127171611914,0.2930158941298566
17,-0.04428760558187239,-0.09727429201244542,-0.2724619151481664
18,-0.06282148836658408,0.10036134733643642,-0.3367027863267388
19,-0.08335417881674356,0.18299940206806475,-0.46206492649299064
20,-0.012435860093694906,0.11826072251876685,-0.4737054186366869
21,0.061093104998414915,0.16449105058122027,0.14217662322423485
22,0.01575698199290443,0.2802162691254457,0.12935708821365233
23,0.16148075234626802,-0.05351268191530667,0.548292269909912
24,-0.10504054558237108,-0.054391253784859206,-0.44986162525546747
25,-0.04621369811336962,-0.37086106815608966,-0.4259689830153547
26,0.08117000063318613,0.42099223114918116,0.2771753088022426
27,-0.2118071671981916,-0.15040178597293186,0.1611075965357146
28,-0.011988639296840908,0.023359377509105883,-0.2503281452332927
29,-0.10264123784301127,-0.14889544898052742,-0.19691178491756967
30,0.15521648755378248,0.18222931667779108,0.44448711712990097
31,-0.03677603416012154,0.14790127973750988,-0.3857125162815478
32,-0.004516349614339887,-0.20039724317325458,0.2959610180026493
33,0.03363554818571224,0.031639418304546085,0.36223166147134256
34,-0.15913752794628877,0.1309813353502416,0.13332662970201592
35,0.01001662530617864,0.23029597258109114,-0.1624993827948582
36,-0.07187248314113948,0.2811622089701642,-0.28777752450057936
37,-0.02804036216005823,0.1683648040559489,0.43224655074914464
38,-0.05639215068561665,0.1421634042692821,-0.21225433857297193
39,-0.15574058333779295,0.1387694349435924,-0.013560625687926542
40,0.05667780167541725,-0.0008299840001797509,-0.5642001659554846
41,0.012092799135277943,0.368427392288019,0.23917702391664353
42,0.0966673051078164,0.13954126068943395,0.18099332439474192
43,0.08678157220847105,0.18906795494384165,-0.04992379301131278
44,0.09892245684865042,0.15563330685248777,0.07795227149096595
45,0.032560458152172345,0.30858441616297605,-0.9589997473414495
46,-0.4393980066975036,0.26119095990062813,-0.7701455966746045
47,0.0907872387351798,-0.0882269459671059,0.3319911437726055
48,0.11083020088032747,0.12858734409183548,0.29473289993734086
49,-0.21486526703292874,-0.3017651716898969,-0.44262331054663945
50,0.043059538106340334,0.19174611680033093,-0.2758380702057557
51,0.10977831033857299,0.25000902896374,0.2226643860955667
52,-0.08158598460665001,0.034844509138546975,0.29603158188298373
53,-0.07157268832098751,-0.24672736880011392,0.3701634256272772
54,0.03805516789310914,0.24484498983540526,-0.675578536612486
55,-0.0513815602419152,0.3451867737345138,0.24953306209594306
56,0.1778785726945431,0.13977433678726103,0.7011006919288334
57,-0.14702480515657523,0.10512477056030156,-0.40831562581444547
58,0.0920690015183947,0.42385331601109155,-0.04721320531113371
59,0.1150876756457766,0.16757738098829744,0.4783738957656354
60,-0.018464959809914916,0.02796753218740844,0.08933189991225521
61,-0.0337109573566341,0.08496696736127363,-0.1873487048429816
62,0.05989471428734827,-0.0704324854336631,0.22964319688362056
63,-0.1518886674192519,0.03179662085852697,-0.6280712352541382
64,0.03977059355636392,0.1700949920025967,0.31373692864586333
65,-0.11141986845604013,0.23319505140793395,-0.529915144552078
66,0.04415724906711738,0.02787396050205926,0.29144739113694373
67,-0.13137128276013144,0.2126885553433251,-0.38647877701327193
68,-0.2931333307680708,0.024397380454443063,0.2862556507549232
69,-0.07725367780014203,0.020808419186900462,0.01325137998261372
70,-0.01874853854462355,-0.08325641869752287,-0.24417002467645266
71,-0.15321647291628437,-0.02725060456823103,0.2075488343005254
72,0.005514465576451855,0.33747407959646303,-0.3860418367174905
73,0.05375960455054507,-0.21186243841833652,0.7975180458795019
74,0.04610925572346414,0.11854272667917343,-0.486767381756888
75,0.037056239111215916,0.06808943309949167,0.35522509555863424
76,0.024876084821012334,0.3429878257073373,-0.05840583082401185
77,-0.09955941144349367,-0.07014220628145429,-0.29480953348848193
78,0.13699314945359653,0.11061504661511234,0.4442571161666957
79,-0.00014370902455862478,0.20476490289226046,-0.15775973594649395
80,-0.02059984058675468,0.43746194842438557,0.08885008616602863
81,0.006309764230437942,0.1381503329226086,-0.2999850802266322
82,-0.0560190990518139,0.20308266291922372,-0.25582398707895515
83,0.07406445341018131,0.3304310410770386,0.013344141929393594
84,0.07397147416640237,0.17233030563782092,0.21192340834138035
85,0.009512339005886439,-0.2251631850223721,0.8308692527266306
86,0.03894965758221414,-0.03208886613651485,0.3037863115709456
87,0.056921556521392525,0.3563522512650019,-0.4639112274919166
88,-0.007884439067785465,0.30282728838630835,-0.12272662576254423
89,0.04492250361562178,0.2260979254170894,-0.5976032076500488
90,0.05897788449451902,0.12951229509599194,0.3315713315328713
91,-0.0685967653062427,0.19212758880003244,-0.5043039934781866
92,0.047316511370419256,0.07244060992904644,0.06440641116036261
93,0.04737501276907974,0.4842568499167472,-0.3982116002704945
94,0.0245706583216192,0.2197329789855167,-0.4675709592283434
95,-0.006269900325871269,0.3582566927490545,-0.33594413147394153
96,0.05952706306534594,0.40091750526729886,0.022877243573796724
97,-0.05772346191104205,-0.12386154910020886,-0.2497775243305731
98,0.16041382195953613,0.017671700218501396,-0.2592416524881732
99,-0.031987386258716555,0.009919769070243944,0.06058193957339397
100,0.08209191618751266,0.1827727399046002,0.7704106255907488
101,0.07345035752520168,0.2917870112027392,-0.34880497043044395
102,-0.1803424150839179,-0.1105142023997836,-0.5500652423155508
103,-0.06906736463541563,-0.21240003417716458,-0.30456242774583187
104,0.06966924956440312,0.2091466394487218,0.05447604275356677
105,0.07302149311998818,0.185745189413139,0.24398545902429603
106,0.013290064488858278,0.2558634736499177,-0.24937018034354697
107,-0.22554310519791354,-0.18947080890870538,0.039354088407348
108,-0.023538391345394594,-0.018141556076316068,-0.13028796069491044
109,-0.021273971078070275,0.3779467554250464,0.32475802044961166
110,0.02061682141638954,0.10713937662997264,0.13703260168570597
111,0.016809598562310235,0.4317642665117831,-0.011741753458367588
112,-0.05964658843475146,0.2865768408144831,-0.5394416282024193
113,0.06469517351619114,-0.12817095518673094,0.01656213227677017
114,0.029261909699574318,0.10650568506585123,0.3556034376601733
115,-0.09679391009484917,0.25451189579684086,-0.011850220373182951
116,0.03957657365141287,0.3290059822219611,0.3726842342798624
117,0.0904362019728504,0.3899586831083015,0.19637749425084094
118,-0.02150112111532465,0.3969461039475064,0.16905247950588365
119,-0.05540046100541218,0.14078628435813378,-0.16519038047977463
120,-0.012012538538106021,-0.03115761188705468,0.0476665553484823
121,0.017045485826790774,0.02992206642919326,0.014705151493347834
122,0.03991295239595427,0.3616756020565439,0.25689332569205625
123,0.06449244830392953,-0.02159687728676274,-0.13736890862626305
124,0.047346861694714804,0.059586424179307595,0.44289375982701173
125,-0.0481236908162046,0.2097597485018996,-0.00031116251227047975
126,0.03163881619640474,0.3192474407041239,0.09703991381835819
127,0.030542158880137116,0.22801322871749585,-0.2620725045546195
128,-0.07598624947431176,0.11540551773261276,-0.16763642961547331
129,0.08252064163450967,-0.2930685013523223,0.3305251345317197
130,-0.028141560036721636,0.16450559539305232,-0.45962777393780224
131,-0.12886078019770864,0.08012006457106069,0.09998663546330278
132,0.024640289622192668,0.11798321144989621,-0.13362588001775788
133,0.04987428217135026,0.11869357693650895,-0.323715653967652
134,-0.17929960781513454,-0.008843430855242973,-0.11003064858060219
135,0.05869708372752136,0.26692147387005627,0.32213549630018123
136,-0.05445013719616121,0.3047077396190381,-0.18965807295659276
137,0.039084235133586276,-0.035799108707565086,0.2975816246466425
138,0.06616869786297652,0.057562084300085914,0.013296484002067732
139,0.06377656777600738,-0.010693105305374928,-0.19778597346272075
140,0.059296726110511955,0.18027682558134073,0.17146699590943149
141,0.03534594780695954,0.33064797704805704,0.10235992356144896
142,-0.11024980813557228,-0.1336363415764903,0.13599845230229413
143,-0.00667361311357606,-0.049161357634804004,-0.08350304750269943
144,-0.0616857742019743,0.20545505388550356,-0.0669401568861625
145,0.04203683793206725,0.2719745483582603,-0.010471078819413115
146,0.035807845525681614,0.4278460346543176,0.044003161017237336
147,0.1022221372426948,-0.6091334058510784,0.9851691488706222
148,0.058246981429820543,0.21334982080172926,0.261912923224791
149,-0.04655070794683347,-0.13310382558084166,0.47791804488203504
150,0.1754332811327659,0.013074017104022007,0.6969641869665639
151,0.06745898353898827,-0.06017533918581597,0.02504865588949512
152,0.0069965883823917,-0.03351500575964694,0.19463479398214867
153,0.061638864360493706,-0.13342024683415055,0.45317113787857766
154,-0.15241745013686803,0.016820106106961497,-0.30640400377378085
155,0.04683853571545438,0.12688921053459734,0.267769630654346
156,0.0511007962818919,0.40071395425961276,-0.20520630917866578
157,0.11721323889502511,0.2883241848474265,0.25043739436394374
158,-0.06169577409094629,-0.04935808029049049,-0.364288124770786
159,0.04441169614475182,-0.011701880924870345,-0.17065078579201942
160,0.012154123441801445,0.3011005228701742,0.059157239976565634
161,-0.010268919017247136,0.06607801070883812,0.08572202475881108
162,0.08807743370845067,0.11058444100400422,0.24677604305984868
163,0.11986902058961757,-0.11005347512015451,0.4711226613439057
164,-0.02187350926148568,0.11902136643944972,-0.36954627781337224
165,0.07405000482848934,0.11034604850676821,0.38903080946676627
166,-0.10492429385226298,-0.04930755657214703,-0.23098333344745747
167,0.02366317983520627,0.06821514915637694,0.06765780399580468
168,-0.1532689230795654,-1.0316847236872833,-0.18556647082429228
169,0.07381000767215706,0.0808326373918522,-0.13968726408786036
170,0.028645902292790737,0.10143413937870416,-0.036831025662450445
171,0.13752135300266577,-0.5235787468850149,0.6278252674153402
172,0.00842408284612528,0.04069593262069926,0.5570700607820835
173,0.0148504358870154,0.12280748558084831,0.02247671889766245
174,-0.045901604073065094,0.14037072999254852,-0.6544101809256108
175,0.07958727491674544,-0.017565870732448863,0.17305549351500593
176,-0.021605389326767366,0.17789114081562807,0.09118963489470189
177,-0.23580062406773727,-0.557539600212792,-0.3160545547247037
178,-0.0038864580798527726,-0.130973034532053,-0.4727368452330901
179,0.11531754515871118,0.19945062646185718,-0.5809545356356001
180,0.07293289711442696,0.08540456610495495,-0.0009052771439679308
181,-0.00018505343936947583,-0.5830194103835603,0.48636748539518826
182,0.06619595685490953,0.11101970599395061,0.023568581083782902
183,0.12694838958623045,0.14527453821958525,-0.034735347347733425
184,-0.018531900365013954,0.10141124797397172,0.001818862232975782
185,-0.005098093044272112,0.19094499216265315,-0.16053898450384652
186,0.09658358662491917,0.3679873482728757,-0.09896249347432562
187,0.05586649108083552,-0.125549299186007,-0.3156265679032322
188,-0.07857231225384709,0.003807170526507031,0.42348369564600885
189,0.06445534302194833,0.26578183650722975,-0.033205630300795486
190,0.1072331518600711,0.009229638648200478,0.5145341794552416
191,0.03798502148775551,0.11240399963825087,-0.0980014029241214
192,-0.12839567601736324,0.19334187043730866,0.02237928055227334
193,0.02429381713931722,0.07203576516416499,0.15340691962656194
194,0.07703461530534295,-0.02382442443862498,0.27134996289909363
195,-0.09149501480848787,-0.02877834329292095,0.214529626599405
196,-0.06583123556654336,0.1366100562643935,-0.5639797018897355
197,-0.10565262738656944,0.25397768511218977,-0.4263925814660025
198,-0.013578505382235484,-0.08625648952364617,-0.2460226215709398
199,0.02154223128653676,0.01872569514764999,-0.007743433319441717
200,0.10280879167018675,-0.37526851404059425,0.2206708064097478
201,-0.007969841274309886,0.26058617167970555,-0.1322822588856143
202,0.1160781724802149,0.2518181951520875,0.29013663619595054
203,-0.06415458699936316,0.04014684150805037,-0.1509715311073787
204,0.009542740094327762,0.0937809445554354,0.17479518097702096
205,0.0865361144404515,0.1725772499373679,-0.8028997327068588
206,-0.16902445709134373,0.22772662737254468,-0.37487937426416557
207,-0.20213094733218373,-0.00989671657961333,0.10484502262998918
208,0.11128649841964577,0.13191137817130594,0.24582167680628553
209,0.05727178319118309,0.041214126009940566,0.4192259992177445
210,-0.05649533823541564,-0.24268618915475026,0.09667151458590673
211,0.08289055135031109,-0.02369089723943274,0.3161244204083473
212,0.08535571483089566,0.09303144279504716,-0.3081819725500269
213,-0.15749120096267788,-0.24692589039641955,-0.40020786995005453
214,-0.04400566644626647,0.1573123248433188,-0.37561200911905024
215,0.06088250120333605,-0.19923262339267522,-0.03000737296961209
216,-0.0451756068706155,0.12790948101974742,-0.015285122290620179
217,0.05788262408793976,0.39578055057114914,0.1608003084125531
218,0.06801311420656653,0.2206645389614379,-0.004058208843026323
219,-0.038295973242512105,-0.021166605171980324,-0.09078690721482485
220,-0.02628428285407569,-0.10897022131045664,0.21896221518964465
221,0.007089783980115172,-0.03385589768484043,0.14629618995326932
222,-0.38338787229909066,-0.7497867641654807,-0.15096996795016915
223,-0.07812531493113806,-0.08060473596748285,-0.28916689387146033
224,0.010746557542510082,0.05481604140462104,-0.14313202030725347
225,0.008817733862017896,0.17252277941598004,-0.5391896036036423
226,-0.11646881669174736,0.06828507363003467,-0.29475352119988263
227,-0.08068614470171642,0.057442921449285755,0.19144041722744354
228,0.06816974838261114,0.035821147657620234,-0.09912822877395755
229,-0.16539681078279678,-0.7911240925539471,-0.04426865077195874
230,-0.04337137494799048,0.29762158773463443,0.5110597393013898
231,-0.0071533543965811575,0.05738640138799589,0.21047043680790334
232,0.022445507204578163,0.0074202252425565884,0.08322754117328812
233,0.022210487073707874,0.1865028676832332,0.35230547425354786
234,-0.017320701099934332,-0.09985047251781443,0.03231853492620007
235,0.1386009792399978,0.3091965648813024,0.0391165124650763
236,-0.013456917205121322,-0.02510577080832066,-0.14120200791780946
237,-0.26784579027070254,-0.32674594231546616,-0.03960914138200122
238,0.02042181812076027,-0.10353638656376374,-0.16661688166690336
239,-0.06696972891324915,0.13956286014411767,-0.23505121993588063
240,0.017893276888433007,0.15585744651130673,-0.05964065338387514
241,0.14069993372082923,0.29418342347629456,0.15555231252209345
242,-0.04285740333023824,-0.1310252312369533,-0.008221856046082943
243,-0.01616680783258939,0.2243446470084549,-0.5749187430245879
244,-0.06367050944577635,-0.028240187268287587,0.5591635199808394
245,0.022985251546463026,0.11673086643575825,-0.17907746321799545
246,-0.07970038384075906,-0.2352978778192636,0.28092664121485056
247,0.12761288129522885,0.1675143386688962,-0.0013403640610071266
248,0.03362561260475516,0.17352817746072002,0.05156455480248767
249,0.09340806795483925,0.38019218609273886,0.3748641264962804
250,0.09667713582863957,-0.82877001705476,0.13803532869556956
251,0.02746576399328049,0.2591380998978954,0.014637750823285
252,-0.056312295864829665,-0.04582672003889443,-0.32910119668364635
253,-0.028658573860965042,-0.014760597387923458,-0.46865066914445463
254,-0.002788088382579268,0.21504073524375644,0.22534298706695233
255,-0.045348970132288,0.14978704771224627,0.39048196499082666
256,0.06093619241896153,0.08635934245777621,0.34300531564601355
257,-0.0009080539015755562,0.31637195610359115,-0.25418832318688933
258,0.04604582554570236,0.36282397811639955,-0.5052409008077402
259,0.08053116905039026,0.09315256962267027,0.13183224414412975
260,-0.050749644921040726,0.03742908020204139,-0.08845215701310694
261,0.10690802475449601,0.07073419312033602,0.48656922917997125
262,-0.11011963592013085,0.19325958762536977,0.22057442742198852
263,0.023763697527889427,-0.3499041992770713,0.4090451927060088
264,0.11596866160645547,0.1328715402651799,0.4419547108104731
265,0.0873421866532409,0.11926164810063433,0.13330268222311292
266,-0.06958403617699016,-0.17850275640284563,-0.6031925614975153
267,0.03104665376728377,0.23762890351538646,-0.05877248576388561
268,0.06944567875726637,-0.024757814104914067,0.7746605415531946
269,-0.010798238091853207,0.25749411029400493,-0.42068993377191166
270,-0.043938317914276936,0.02318889456389206,0.11774831027373356
271,0.07829160668454893,0.10184007876240564,0.19659949397271914
272,-0.06774982007916286,0.24415238190039412,-0.0764047969929662
273,-0.04207029326328193,-0.2701442249901017,0.01772243452461164
274,0.04871276844296002,-0.11756739194464272,0.34587069550552796
275,0.042934859685176185,0.3965419839137856,0.12920610077655414
276,-0.025284209635992205,-0.04161600081329264,0.23531368879823988
277,0.03142998552669862,-0.06781861353938679,-0.046080518090624745
278,-0.020253802387114384,0.09000710849743099,0.16430001640810188
279,0.12974487218824393,0.6058324330661138,0.17900644395546617
280,-0.2969742445518264,0.09431241427508352,-0.031972049101460676
281,-0.08988923485728417,-0.12483307850507486,-0.8837701469718668
282,0.0779521084637862,0.06224511535928445,-0.11604695538048482
283,-0.1449137551348505,-0.2786338683064373,0.13937262855540178
284,0.09846037480933667,-0.17239335938594924,0.18545451218420528
285,0.0829089549640658,0.129366793509885,0.3032782724817269
286,0.006357361302539388,0.0841609317069083,-0.052340442719877256
287,0.06338040536610201,-0.11385714140959324,-0.06661106185983967
288,-0.1303997611950738,0.18822848941704917,-0.1451371941190598
289,-0.21735220587501924,-0.3612632936064508,-0.2631992956618563
290,-0.4925012577548733,-0.013980965209968499,0.6175728659291786
291,0.007596988777190283,-0.024414658844866377,0.06522162343829496
292,-0.019269136074687943,0.4480317862308678,-0.01530812504340151
293,0.09842150004706518,-0.021412968311549374,0.3699911896524257
294,0.06073209701031601,0.20168990066841475,-0.3809116632072147
295,-0.01576159564130286,0.44934733242877867,-0.23060271363413354
296,0.07008841619538941,0.19546062706133216,-0.16630933202088838
297,0.054337689809053735,0.01737711899983041,-0.44097508949689
298,-0.11549988141065182,-0.3878420425942777,-0.59184879379567
299,0.06220989349506034,0.08958274833904234,0.35281715611786657
300,-0.017963429523025987,0.13760050860403994,-0.17538294790423437
301,-0.04221176816824812,-0.009151960437771667,-0.5125185206847755
302,0.029621042290110644,0.28107637095643057,0.11210035699161969
303,-0.07591642941931731,-0.0438613290257881,-0.29026469022197166
304,-0.1275707885420907,-0.05053771670308316,0.4399323255251826
305,0.07374584856326827,0.17882966964274472,0.15128810771785317
306,-0.010164926103311878,0.03516993812141389,0.11739692454456374
307,-0.016485395348639464,0.3439805345510374,0.006426186191665906
308,-0.012381982021435256,0.018287928852872115,-0.2588116586282738
309,-0.07675802392632214,0.011880340802568501,-0.46926318872240325
310,0.009150319785168115,0.02824923514502964,0.0162748739393066
311,0.0553315176560325,0.1895835474914409,0.17691007568810369
312,-0.07142170068644571,-1.073370967067362,0.11708125063420283
313,0.10237287383401483,-0.33437838685639054,0.9739102906893893
314,0.04783169045069169,0.13944919259169808,0.1898621178435751
315,-0.0003133917371052064,-0.19329189625551968,-0.5723086072074886
316,0.08648236906091711,0.058410460633418815,0.13517839965770184
317,0.10138779356876171,0.2614445690941234,0.8083575166589108
318,0.03751555520879979,-0.13434809272956816,0.23522116003142823
319,0.08380859490430748,-0.7816190008917128,0.8439308183341416
320,0.06888425576651613,0.04754514079007177,0.16594503771643732
321,0.003032611947891617,0.16687262464046726,0.3878154966893499
322,0.0414193010740167,0.2581369194625549,0.027680560598978943
323,0.04054070950644029,-0.07310364756442911,0.3852004900275916
324,-0.20191700065916596,-0.6978880256725177,0.13867440585352364
325,-0.02168297376491246,0.3093166366545175,-0.2138382030130258
326,0.02636997447149092,0.0841312388120583,-0.08570305973094472
327,0.07621830686314368,0.357726601331287,0.1915878750467952
328,0.012456021255901284,-0.14812410062709214,-0.25318901407466354
329,-0.28554864753132936,0.2918861180011989,-0.3331578907345662
330,0.14433355722585972,0.20316149349633483,0.3287381740407551
331,0.06368242436052896,0.06352269823655154,-0.16431202966021552
332,0.03901151292810212,0.34559872476255493,-0.05386869506700909
333,0.10462822965359209,-0.328958734656398,1.1126921549985567
334,0.07702422371836448,-0.27773188948254324,0.7716140906130116
335,0.03372698704140298,-0.2676814859723299,-0.2597401688240702
336,0.05744348320205361,0.21320939148394613,0.0884258352365439
337,-0.35316180461267876,-0.35254081151941463,-0.10009249537162046
338,0.07626522419955428,-0.036606736942435214,0.32125603171854245
339,0.002950537988627211,-0.02501352521014444,0.26474572213888226
340,-0.022727584795173783,0.02530618756693026,0.41577392931688006
341,0.11196310906223417,0.16304411489328485,-0.003970180568229509
342,-0.15842982823795992,-0.30435348002577245,-0.1850453650762109
343,0.035995168074697936,0.1825570018176046,0.3636410068852791
344,-0.06416293464705358,0.030612087212383177,-0.30383099065699437
345,0.07655617721817976,0.045561560076691876,0.29101261647721266
346,0.10438402637924682,0.2748487596339175,0.05989652162252801
347,-0.048258514454035506,-0.023981536136430393,-0.5259663750627573
348,-0.04444077898102616,0.18700050052697348,-0.9875343999402553
349,0.08587007701205174,0.1792026602318133,0.042843291083499935
350,0.10767695910918107,0.2229146975744567,0.20873157312903423
351,0.01874863681986394,-0.27017197538818905,-0.0666549284460809
352,-0.020783591843354543,0.14995598192559245,-0.5478128795640291
353,-0.048331833056463935,0.20255965178002455,-0.14498262428126907
354,-0.12766440060494677,0.05614167103197354,-0.5716923664555784
355,0.032608854268210585,0.16577816352998687,-0.3435677170074982
356,0.01267270152941613,0.12513987691658945,-0.21582569372322102
357,0.05321868170439892,-0.07436675125976189,0.21448937495276565
358,0.053267944726009375,-0.48589949458216164,0.8691517332576404
359,-0.1372141622905989,-0.06629586045537961,-0.5841506374205878
360,-0.37816043463164295,-0.6009873266841986,-0.7866139299987555
361,0.010841806225688977,-0.05974631640832628,0.11351444058238114
362,0.1338563209294943,0.18073061745845598,0.5231253464424097
363,0.0721748768017294,-0.04646435522083592,0.42407949660767064
364,0.03627998605627969,0.2600123240739023,-0.5504746414852839
365,0.06960063768257285,0.06517086488251111,0.2549008902891372
366,-0.12331268006639107,0.1616992021567678,-0.21760368695276522
367,0.0207278175035146,0.21815225204604016,0.10030874191905603
368,0.05876425339678981,0.1922449661204808,0.15224491072173296
369,0.048835653891232234,0.26700067213509193,-0.011240736885047231
370,-0.02791758650627152,-0.1418096652556622,-0.29015171802306416
371,-0.11744076840323725,0.15548729148857476,-0.07232759696703739
372,0.005983403254820274,-0.2126340504646096,-0.125499626384331
373,0.07143304746186718,0.4187017217172637,0.0831426253289107
374,-0.06915385135759422,0.09528804113858791,0.29559139285343483
375,0.029179698801056198,0.03631803359491714,-0.047410647555310215
376,0.059149488321187604,-0.30206494146394247,0.10156140821711279
377,0.06685222262272372,0.2622778191080599,0.23410938230872125
378,0.00946082227710665,0.11225534779143853,-0.04693424191812867
379,-0.006898965386005429,0.1750300676968939,0.17825514488900662
380,-0.48590855948600975,-0.6040128773302682,-0.38364711366037363
381,-0.027296843084462452,-0.16877494421881134,-0.04536487733274619
382,0.07652505751761751,0.549255107409707,-0.21934365018713753
383,-0.1459701296518574,-0.24190427556131366,0.2820290181215839
384,0.04314798235093953,0.2724109253269549,0.23767911527786367
385,-0.37581077340838487,0.005969163237186326,-0.16752550645714082
386,-0.04866508934579006,0.15762714683425694,-0.7857048851363793
387,0.0070266493662440865,-0.3592672331459882,-0.055617056339772986
388,0.06731910009417241,0.2993893032294179,0.4143254200141848
389,0.0008318870856722782,-0.044321231502927994,-0.16485553871196434
390,0.10375758944815328,-0.3320634291102541,0.09712986032002191
391,-0.020721113042402983,0.177332975290186,0.2887427774471486
392,0.0006501281555584271,0.014499967117179269,0.060390989972679776
393,-0.014079714412203792,-0.0195102808045573,-0.3250324341838847
394,0.06268564273299582,0.22108842359114522,0.15409281400025243
395,0.07242432417338218,0.1853581505563735,-0.08704690029603634
396,-0.1750330089658112,0.0952653335037894,-0.37352925567174466
397,-0.06787459935970563,-0.2537735600786388,0.18506240601518353
398,0.0091786715055715,-0.13822328849030208,0.535458885978515
399,0.06709083316094944,0.015716862629933548,0.06089709979056124
400,0.023611407039064503,0.09953219146352099,0.31752822535666025
401,0.053430681650469936,0.09339652016323585,-0.054384226620197484
402,-0.043126372451132156,-0.16413925275117913,0.1547723258233913
403,-0.13595212558544212,0.0554777091460843,-0.44228901194160497
404,0.10577888092239274,-0.08833154777495533,0.30321823296562256
405,0.05318652085672948,0.566945608780848,-0.4188876071554786
406,0.06889429914467904,-0.2985031092827648,0.3608967407205603
407,0.05211466019111821,-0.018687362096384552,0.2254227145262937
408,0.053800296394094005,-0.07297633553722416,0.33801355500597263
409,0.0733190146685958,0.4155515899072615,0.033675260316281985
410,0.014546822952601346,-0.03470762870971722,-0.011832437914490512
411,-0.32859607832966375,0.10191268191352398,0.3173603158274184
412,0.05188893790643068,-0.17821990171914326,-0.3608495622443706
413,-0.008170136714297449,-0.2386157024547697,-0.12630613969053606
414,0.02196134818341644,0.4125211915318532,-0.4272537466195862
415,-0.1624453259937857,-0.2943907719070653,0.013908291331591549
416,0.018145468713353985,0.00810827977938855,0.00641455494659815
417,-0.03280273022577873,0.11776440844774094,0.45575422056909054
418,0.023812426410183996,-0.003313863799531358,0.12405156718848254
419,0.10880762814356792,0.2377578686427202,0.22964471489928373
420,0.03882442982761969,-0.2655930595618198,0.642092944255588
421,-0.07575846093606664,-0.36235328651508825,-0.1144393830411814
422,-0.005989538912103853,-0.07695110406599182,0.24148635144581898
423,0.07598964698197719,0.2123052845055562,0.3609730104168436
424,0.049690016929093694,0.27654818015372107,0.034947755245099854
425,0.016517995422355547,-0.2525067635650107,-0.41579277046122187
426,-0.07411844852256078,0.4028327853325089,0.3380663219097668
427,-0.00306957919362727,-0.04503498841183751,-0.2037389476617888
428,0.03198219954047232,-0.23312781970870478,0.07658206803550338
429,0.058740425847561006,0.4507777448149244,-0.14288574222266526
430,0.036458405281572404,-0.16572236263666418,-0.519714837757449
431,0.020681579894282542,0.04514424216715951,-0.23494851830010005
432,0.09284832793867714,0.06966637636297968,0.054984795512662554
433,-0.12594668441867807,0.02728570201123648,0.30886701540874173
434,-0.11513271185417295,-0.15440168294763312,0.15760727752063364
435,-0.12391124425850553,-0.1025815986729901,-0.7737945583063093
436,-0.07531066334231262,-0.12502105917013506,-0.38985228488782075
437,0.10762733158211635,0.31821200741024214,0.3322669660105899
438,0.10459662936259928,-0.06748612785020702,-0.21562343556369956
439,-0.0797554743675768,0.19919094482335353,-0.3181247697708083
440,0.04476112010455502,-0.12906770508876741,-0.2015197728343584
441,0.14214600582146364,-0.06739933908309581,0.303690414634493
442,0.08306906818953053,0.30864959480804766,0.3277274859956205
443,-0.00954318086531547,-0.13332569729727917,-0.19453448065134382
444,-0.28950590875455173,0.009730080122647422,-0.2497968540485181
445,0.067590520616581,0.1413672419904124,0.22611575085318858
446,0.004379345132113244,0.09189117468820496,0.08726356110974454
447,0.04085537615852708,-0.0379236117858297,0.1720052113885131
448,0.04228080234138343,-0.37560649674990376,0.7872378663348072
449,0.08754549981811177,0.11821284794116149,-0.001991515574056857
450,-0.1292503452363576,-0.11823482896179227,-0.49729569804482937
451,0.13735828667118977,0.019760598715965028,0.4527226874649126
452,-0.12920115075215044,-0.4346108927343999,0.13094290978513867
453,0.04839953488619475,-0.03071079167861357,-0.34492860284529775
454,-0.07151918787233669,-0.1480482846162876,-0.41381895242758127
455,0.11755012504626805,0.02320052851003873,-0.1441174138291662
456,0.005511095285038792,-0.7371833312163947,0.32708090074185936
457,-0.16785327908058356,0.006598923566666137,-0.562421655702033
458,0.009413155664115713,0.2558026930392696,-0.31853500571974736
459,-0.0497941325275697,-0.3835193137601356,-0.08190351878556346
460,-0.029380690407107224,-0.034039799614810295,-0.5930352198198847
461,0.05132244643786432,-0.549606981971327,0.055597622476252884
462,0.010524797027228416,-0.04654206288562679,-0.45306859084646767
463,0.021451385273691947,-0.5456570231714905,0.18675758835902623
464,0.00997946688617457,0.0004905568221895695,-0.39604854969175585
465,-0.034359815226082446,-0.027246281074714274,-0.10814980378829298
466,0.07543371931592979,-0.27458987585655636,0.18831409469418492
467,0.04722726032088165,0.12182435585763218,0.3826916262778073
468,-0.014022561297153402,0.029154830292980938,-0.15034169749512682
469,0.07454305878506773,0.2718932854282694,0.19978154791205838
470,0.11680527757446946,-0.19622093643711658,0.28955470076301437
471,-0.0524099824988733,0.22071483391768565,-0.3469867361861026
472,-0.17418378890201947,0.04787939764348237,-0.19244625026858853
473,0.12133533704166322,0.5078953347385806,0.3387022795012926
474,-0.022647116925180732,0.28402604447172375,0.4243368182154834
475,-0.06757024898848218,-0.3372281466511624,-0.18575668576672744
476,0.1352628601146213,0.10504736510288293,0.5898060001147036
477,0.0572296477712948,0.15133530511650273,0.21331244690876594
478,-0.0399063071368877,0.04848673190236963,-0.28893106503181815
479,0.01622049107632595,0.10817986623729015,-0.1821963500964181
480,0.008636973190110808,0.1558120091280346,-0.15216581259228024
481,0.12665327615228428,-0.044361276608990696,0.532916555029511
482,-0.03631127034820736,0.12434921379457031,-0.502972061971602
483,-0.23912341892088396,-0.39067303764612094,0.23292105646941064
484,0.14092649797192713,0.17328424217216032,0.5764631917258389
485,0.0086980643962562,0.12943792836782286,-0.052044952322431004
486,-0.04405104528913206,-0.0853575513252548,0.06626025285854964
487,-0.03184093489875206,0.3462251520198969,0.14367921276873707
488,-0.019282258566879484,0.0019991352371127036,0.03863234838003704
489,0.023654358898633987,-0.41630116322212296,0.11416161094034716
490,0.053762417647009286,0.05845475080839235,0.11106823464703541
491,0.06112174312833751,0.05305755895112951,-0.3271370220612567
492,0.06616822030633784,0.22877560264573327,0.05980726436452044
493,0.13151278975064962,-0.47746339292513273,0.46337908183511867
494,-0.027639561646956246,-0.12571518835791684,0.20878951419519254
495,-0.11753548363081823,0.11025178941605351,-0.1580792559305283
496,-0.07198176423503178,0.12136755723775794,-0.36908153338728544
497,-0.003524351737701714,0.1521602130350459,-0.24638877425393257
498,0.08017679244777653,0.2729438337670136,-0.12114221742579923
499,-0.14667323161895052,0.1993097112513149,-0.059772826521841016
500,0.0798949384769072,0.13249165509463356,0.14877872421033078
501,0.10612506556939039,0.018837387719668808,0.5280950226808532
502,-0.12474010123939916,-0.2860089600171303,-0.03757218956637187
503,0.08155682182004309,0.19222624537392674,0.47154385156382217
504,-0.025344270487391185,-0.16322948697471618,-0.4863637022388476
505,0.13178075339653983,-0.031921189125832194,0.5296088888455759
506,0.039431707024814244,0.38279087848158166,-0.16707237058620117
507,0.005429067573250457,-0.003391284096785796,0.01397263405776239
508,0.11428702721488726,-0.6075936105823376,0.3152177747983387
509,0.0823619048225579,0.10352238929900137,-0.050677838427257926
510,0.0012868705485127307,0.09550323927047666,-0.2177015208553723
511,0.028065693120524315,-0.027705879511380482,-0.21815038400915465
512,0.020692876208727284,-0.1768696693147651,-0.04371693972727453
513,0.11166411668108811,-0.20626896102109638,0.4716308021147406
514,0.06220866375631662,0.3003738380389216,0.1003897938584799
515,0.05349820532471128,0.12649583038111833,-0.12549535911814058
516,0.00939229588698165,0.14053224297640532,0.10998803005986058
517,0.0058836156061436995,-0.30225522552349604,-1.2012859310944348
518,0.05005206722672462,-0.1911705519576018,0.2131963623832538
519,0.0690004361744121,-0.5933202250727361,-0.045146692645126385
520,-0.08911786767451702,0.15760465261711287,0.09732769884763925
521,0.07005215706938461,-1.0308905589267954,-0.0540244291264973
522,-0.03087604150124168,-0.03713668544858506,-0.045553200423027906
523,0.010558539892046248,-0.44234522748930627,0.1284651408932671
524,0.09763207442714172,-0.5868987832383749,0.17001972779559948
525,-0.15307058382611416,0.1471298667705656,-0.1809841303062314
526,-0.044970638536192986,-0.08440576061721172,0.23345792546631472
527,-0.03367137993248992,0.04662226715702045,0.3537698614270912
528,0.08925769349726131,-0.16954512936846444,0.1247026325735412
529,0.03747947110897343,0.16649153589507293,0.11404508705604766
530,-0.038486389809981425,-0.22349675208528552,-0.49369541614318924
531,-0.025428775276576943,-0.2404656973884296,-0.31065236420885545
532,0.08856723889077678,0.04287774429752389,0.09496051222037982
533,0.09442658114307179,0.263038589645024,0.7625219676966304
534,0.18439854062905248,0.07265077335793424,0.5934310302883448
535,-0.007438476227962454,0.12019834550968178,0.18240042603893314
536,0.06066965391627388,-0.07126873256484934,0.35198265362643744
537,0.07798505485797147,-0.18600683990686395,0.022286715341419017
538,0.05676997594204014,0.24109802920698797,0.12855574368271183
539,0.05577439128394701,-0.24811918791685494,0.526700992393371
540,0.02844869477646217,-0.057504460188314344,-0.05255630050968296
541,0.01910029797179913,-0.1482655333131746,0.24623763960190082
542,-0.10385527897923374,0.1439938223957069,-0.2848575002539776
543,0.06882797952247266,-0.16254530614978913,-0.09950460026699315
544,-0.3404177898882912,-0.7469481678385694,-0.35216179685530635
545,-0.008997749445325276,-0.2246644984189523,0.06383421977649961
546,-0.07816473626791964,-0.18445029673446878,0.0819619381400567
547,-0.05964713464761129,-0.027033741360726227,-0.3175794937805819
548,-0.09142649286311055,0.22277723505979874,-0.581958376299669
549,0.024750515258736172,0.05516567760956459,-0.05616275564742379
550,0.06959275442307966,-0.15702018392013184,0.029654574816702306
551,0.049174889633102126,0.13674857019730569,0.17490488660318237
552,0.018777301362373322,-0.28872863978042784,-0.20635252301778384
553,0.010274176972255411,-0.06795503717602136,-0.373388921104467
554,0.051457269243692316,0.1514634348271402,0.22485337960553808
555,-0.039117901336461536,-0.050861835512888254,0.23071568338875226
556,-0.017038562192763784,0.1667561738220984,-0.4200159845813527
557,-0.05638961703742407,-0.12792715081082195,-0.510987568152774
558,0.02106031815065812,0.11076343972340275,-0.27579755114705784
559,-0.06302235291591529,0.08902432021081519,0.1453406024500612
560,0.07817410051333162,0.3539670402268329,0.16454130661241884
561,0.009129106630070716,0.14261946929678104,-0.467249347051488
562,-0.004816974194343793,-0.1299135978669148,-0.2968679631916675
563,-0.013309134681117385,-0.019962764817992973,-0.060173737439661146
564,-0.15219348252883158,0.19933017861899982,-0.16923747893167052
565,-0.006376687017685789,0.1187701055459478,0.010732536715462926
566,0.08669920583203972,-0.025352148557954646,0.49722920468991894
567,0.07364029384160276,-0.31267880360085254,0.616974509726274
568,0.018449443239034302,0.05338309372083305,0.01857546202286775
569,-0.07831708297639484,-0.2466497699038297,-0.39728217352305095
570,-0.10134282411743278,0.15888908969108195,-0.16286997339155568
571,-0.15444244691881348,0.1557212728518489,-0.30817596357723476
572,-0.020092701719256922,-0.04310245870858642,0.17462443508994752
573,0.034028391682237924,-0.08967246180701971,-0.08854139531448468
574,0.014211741991099203,-0.15248791914981785,-0.5838684190043014
575,0.09460081096776385,0.3320395155603413,0.07672271557727917
576,-0.08982598775323236,-0.2449443536496536,-0.1734959275816803
577,-0.008640333187269533,0.20937051488087755,0.07647447980647426
578,0.04815718595833207,0.16010502802497872,0.10717298715627055
579,0.05719276238780768,-0.17268363911529994,0.37348624764961746
580,-0.22333439367118757,-0.15649671814594646,0.17544408918545606
581,0.01639907237935745,0.129447070244201,0.051016190534965755
582,0.13736379437942148,0.04522934011022217,0.13108385033613312
583,0.0427169944464616,0.06097689637611792,0.15927456640906312
584,0.046037759432932646,-0.6895679434623325,0.22494206859742305
585,0.060887517792950874,-0.4061845718888494,0.21964032768463482
586,0.011488693711121378,0.12595345175029515,0.11598443185576168
587,-0.020074490553868785,0.43102557392004703,0.16749447561844955
588,0.023352601826501562,-0.043734733514282254,0.18101062401652235
589,-0.040568820234129,0.29032490735314553,0.2757615941172964
590,-0.0033790995757527753,-0.820021535112985,0.24390284084519476
591,0.04995192982262253,0.02687364387685376,0.11103002346780011
592,-0.10873314231764564,0.04591349882747098,0.08168366014268003
593,0.02459766127417229,-0.8637001960920134,-0.17222141863437013
594,-0.10259731012006412,-0.21759847217283124,0.11056959541486577
595,0.08837943812944005,0.3576324398152133,-0.03781048489137273
596,-0.01717547421426957,0.07037018582773258,-0.6362288729455612
597,0.06019515236470152,0.043304061929462456,0.8042325862856061
598,-0.06382390171368879,0.06309939724935365,-0.13604764632972466
599,0.037987553533610274,0.14695583121447653,0.003820922453868114
600,0.05842435757334652,-0.2470137706922897,-0.14929943843921378
601,0.0943852393187079,0.014009853403128103,-0.5742791518440298
602,-0.09516607154182655,-0.5724786313310771,-0.3643526322116586
603,0.0017943322263374029,-0.14377415210594413,-0.0961483839042725
604,0.005290119827114914,-0.021249049106616402,-0.2131053065073376
605,0.11334787510509692,0.16161602154365085,0.01790221604710296
606,0.039716408149995,0.22894772935748664,0.3433324327140761
607,-0.19011631928130246,-0.17100642570229585,0.022062693602870054
608,0.09284393499391808,0.28762101530376105,0.32128234989759985
609,0.007307006747317324,-0.14467515413750165,0.47759413085696134
610,0.04533467161518079,0.015453696677345308,0.07066781745064343
611,-0.01779035645143523,0.20239079553693573,-0.3420279000771771
612,0.004672001862236819,0.08520919259064863,0.022193342952212536
613,0.004668952107373059,0.1658536416231018,0.06361243408935646
614,0.04249342426795266,-0.10969746714887174,-0.1821943601691587
615,0.08752498849757373,0.5162553302491992,-0.15398213679903172
616,0.08753157668889511,0.15981197252789459,-0.12252110956525558
617,0.07809291510468075,0.09450805759447545,0.04680880723307024
618,0.013720304182508691,0.1777173619510437,-0.482515292885767
619,-0.012050457010793103,0.04123864123776566,0.2894374248470484
620,-0.04844067400229157,0.002458300200323782,-0.5446006148492872
621,0.07828080694153527,-0.20341749991753044,-0.3737964472224222
622,-0.05058629628695677,0.33723504566236473,0.08363628582793381
623,-0.07192620381851889,-0.25103137229773487,-0.20358275049076413
624,0.005227021326414949,-0.16072132560769914,-0.2390967610291752
625,0.032913433675182624,0.47741505701296205,0.013050384467367948
626,-0.11024660702024836,-0.7088134487379341,-0.32742892409178476
627,-0.026043060167371124,-0.22688917260257724,-0.07495902629570006
628,0.013605745065548014,-0.13937994877327387,0.19107025536976474
629,-0.02608448802468999,-0.07497279006444835,0.1019690437234333
630,-0.02263185335348794,-0.05505966395983197,-0.3955404894320812
631,0.017544346648054265,0.1998996268932376,-0.0023518583783066482
632,-0.012441018148884986,0.21355641463475217,-1.05204770369577
633,0.06286226292362684,-0.26560859714549045,0.1897059096303122
634,0.058672447117108284,0.03508629085952775,0.21525369939676553
635,0.08103319176401058,0.07995230020597299,0.012680245309274474
636,-0.054047692427619864,-0.14546536494061302,0.1249912131365516
637,-0.056971772003509,-0.1624797002745284,-0.06869654734656416
638,0.05848865493318556,0.49256992794691024,0.5063079980030403
639,0.0578195478714143,-0.045193930757859935,0.12149068367207594
640,0.057263496328145536,-0.07428326636555926,0.5335054024268142
641,-0.06867667490118468,-0.08575240278782159,-0.4436409593141112
642,-0.06377203317418445,-0.11853939233454125,-0.48988553726899875
643,-0.16533152051490507,-0.030740230357858334,-0.08693807502635176
644,-0.1284301695119039,-0.22854229679677007,0.23460032555108734
645,0.033562449959161356,-0.05079132814011933,0.5078083952835102
646,0.08266469849931468,0.3801827813319425,-0.27023489391725775
647,0.06078161296439255,-0.04796281373255229,0.48846744495904026
648,0.06377441610977908,0.2576023393461746,-0.025128740088262602
649,0.0519127044076626,-0.3226041357501672,0.18840186554429916
650,0.009351704505768943,0.20955527246916672,0.20171646948491695
651,-0.020710280957425553,0.026875237282712572,0.6088278163901335
652,0.06872673723911582,0.13464592770554917,0.23899443285924682
653,0.09491948698521835,0.19749627244607026,0.19578786452513763
654,-0.07237306971415247,-0.17741760956598762,-0.0720102202770585
655,-0.04421504149698663,0.3833641532856835,0.054612316113978765
656,0.02568190169615292,-0.4418979793245943,0.3347514655571109
657,0.012182437442417537,-0.06912424454593036,-0.37587431118261194
658,0.0016552001110081704,0.23298641672404474,-0.5294157386478588
659,-0.01384797150672501,0.1754622605949503,0.22383997040466364
660,0.06060013967926725,0.2810764949307738,0.33527435103626146
661,-0.05777022146072053,0.10233527679138255,-0.3635727681051638
662,-0.02133566920074781,-0.0043547635843421695,-0.28749446664368183
663,-0.04282689844420329,0.041880162619639005,0.10152607047104367
664,-0.12359906713973601,-0.7024435603700683,0.29124628704110345
665,0.03532482140848092,-0.4769077168200959,-0.14170164760210047
666,-0.027688880201111488,0.15926592493635816,-0.24332474589269681
667,0.004056786197243589,0.17088709607745756,-0.009164119538643378
668,0.05750034587294728,0.1577754508352438,0.08628882964542539
669,-0.11314132488414419,-0.45111574201253646,-0.34727329809851204
670,0.02403727534859179,-0.3207193785226239,-0.27597972610839017
671,-0.2228194757056663,-0.6732520933405222,-0.11226515897869449
672,-0.18784962410580253,-0.6014589214332668,-0.36700589682285223
673,-0.07318081875786486,-0.1408992075159723,-0.38113110384944315
674,-0.18373701782319074,-0.7274608239023608,-0.22452900093897
675,-0.03548329963635766,-0.30520510370714105,0.04968306617789153
676,-0.15893885466469815,-0.563096632394195,-0.35083440215614603
677,-0.0975007215409649,0.08164727799726346,-0.11946872450404933
678,0.05118772489318246,-0.06873128967079101,0.3978789272072154
679,-0.028378427568532594,0.2970142209250859,-0.12967594342636168
680,-0.052711029677022125,0.2491967206623178,-0.3006461685820786
681,0.14172078992014558,-0.12457157992729195,0.12281358569712708
682,0.015027724235694429,-0.048079765805731256,-0.18841659749394069
683,0.04087923334210686,0.32294175151347204,0.0005625426967106328
684,-0.034034788414599504,0.007266732786468388,-0.2853078808026277
685,0.011970517860982355,-0.041412166078264034,0.12446994223230856
686,0.011735610352356929,-0.055353431907516626,0.19979824949085678
687,-0.06223723232960143,0.17805213036529888,-0.04998983439839155
688,-0.0051354751233008145,-0.12388228800735335,-0.4541446955538541
689,0.015611147891229749,-0.4179904286385947,0.9826716994635472
690,0.08657408685844636,-0.10111111742147871,0.275261328915398
691,-0.242356487348796,-0.5007870618444745,-0.1554048132096656
692,0.006053236600643608,-0.45875188148298984,-0.5091898354172139
693,0.017698481455542314,-1.103841302136955,-0.06847787202481315
694,0.02404508669241423,0.1701342690443588,0.2352687970688938
695,-0.13729693904088247,-0.38085595557219665,-0.6607502772432732
696,-0.029073475665558846,-0.7753575621956509,0.2870722554139795
697,0.08493119322040243,0.20152801944146193,-0.23583831236627995
698,0.034657042129438764,-0.3201527793007546,0.19445195899133472
699,0.033264635064192305,0.18871306341049943,-0.0900813911754782
700,0.06814091776781162,-0.13728366423526284,0.04832807866425792
701,-0.09308452588407423,0.10040074730027881,0.4318507919270509
702,0.11721524806849004,0.19571385797267427,0.4294540245320122
703,-0.05945937775792931,-0.013263887634851645,-0.5440291776297033
704,0.11062204202365944,0.30071967464860383,-0.13975371460750674
705,-0.11326300656932631,-0.01747742452524137,0.32166758668906126
706,0.06220381209918635,0.18592065770377353,0.3614231066632321
707,-0.08175473420898882,0.1004666096093021,-0.16165518904091813
708,-0.02120164830366722,0.08235304363156248,-0.16636622906253185
709,0.07478147926723988,0.12334438227083999,-0.037734169980358334
710,0.10091231341028273,0.2022392631712342,0.12356881447665824
711,0.04260627771609382,-0.17095791587846443,-0.3255340397404052
712,0.015388558691840082,-0.23622463237962266,0.17872866247200037
713,0.0831155677139579,-0.17354718964858584,0.25420195046265937
714,0.06474120794374993,0.3895842641446394,-0.4022300347700796
715,-0.05632666891176541,0.2918232815902102,-0.4896211290167498
716,0.009484383389462003,-0.07396958848394197,-0.16780691288678984
717,-0.10667663927985149,0.12349467386710589,0.08541291469675172
718,0.02820851474903119,0.22207143577248534,-0.010029901451886314
719,-0.015493879889219464,-0.046343710424752826,0.24064551412975987
720,0.08433666499461356,-0.8982881701332874,0.11581526907835982
721,-0.07319848425215891,-0.15368251642107178,-0.5224226140025687
722,0.1651938262540238,-0.00625697095891975,-0.0022754100175668146
723,0.04259636282919743,-0.2139970797458488,-0.12166596058509827
724,0.09714261584007389,0.25043430821924506,-0.4680926742589168
725,0.02496822229280493,-0.007943238299111144,0.1414202605249837
726,-0.18156965746212705,-1.304645355126158,-0.39149103609805
727,-0.07403668141141839,0.1990834425276149,-0.42248509448889515
728,0.052111133846207025,-0.20992680175000844,0.053255566464300186
729,-0.11589265783558211,-0.5351368787278425,0.28106666807956326
730,-0.01307006790155274,-0.4545452634482463,-0.08818653547370858
731,0.1200486556936946,0.1478836846051046,0.19835979565304718
732,0.07062916633696847,-1.0519291732893121,0.34697864337322293
733,0.0995419039248695,-0.1715815272738599,0.38241660389579923
734,-0.04683431068719468,-0.2674972650535219,-0.15443319080611762
735,-0.10786568853088419,-0.17516489774097932,0.2382798028967723
736,0.014015002513295016,0.1407922752344153,-0.14583629133248716
737,-0.1727956435672624,-0.11718941961240614,-0.04770402524090356
738,-0.10693434256215628,0.1717320046213766,0.3023018154666477
739,0.11033110828053161,-0.2588014137655392,0.514673126711457
740,0.07351331492904212,0.05595090398145608,0.11205880441223437
741,0.036474151150967415,0.157678924987541,-0.0853409080023333
742,-0.007464777203046502,-0.12462695979438299,0.4246122480016319
743,-0.057098939052658615,0.08063867175814132,-0.23227162136279145
744,-0.06130311779181419,0.18715048385936384,-0.03667691837232434
745,0.07304617142365455,0.13150043631886454,0.27994566011334143
746,-0.0997881177015909,0.022989807900552828,-0.11768170787867593
747,-0.020798571632801632,-0.4521158903665692,-0.19469115646579205
748,0.043709455872587455,-0.12314551494430137,0.18149986389239525
749,0.09097452282731222,-0.08837968692822629,-0.2815740586814267
750,0.006116600958709917,-0.45479035130793266,-0.3840361069219663
751,0.14108685621058825,-0.19029753849939746,0.3674533546306309
752,0.00712207694795719,-0.37915651542534046,0.13270224994699553
753,-0.02137678658072506,-0.030485087046568715,0.0889670009081227
754,0.013687509932998054,0.07409348675962968,0.24575306308133005
755,-0.03736090814520132,0.0325304858012565,-0.3865764806206302
756,0.15102523262331324,-0.028089699720470707,0.5623186627823025
757,0.02012854724156732,-0.3955069522519017,-0.28715220878330094
758,0.05778678043041996,0.1351937048222247,0.06325175875215816
759,0.03120482724164031,-0.20197292195484784,-0.04166509848403388
760,0.061766570539381505,0.3254108976536503,0.24688586922857692
761,0.06889615538628302,0.1710704365597202,0.22994395436813742
762,0.16968816065219716,-0.21972144308571373,0.22010846949567542
763,0.02764543721548307,0.16214107821046664,-0.14966532198053395
764,0.0798685516169435,0.1436562236358201,-0.017097371372015724
765,-0.04031387170836975,-0.2155111578542177,0.15717956893819762
766,0.130122148634638,-0.09297385712391493,0.1171725438322575
767,0.07625325958838136,-1.190585359778063,-0.21274063517317632
768,-0.12190437189711023,-0.07399388749454916,-0.21007879525949535
769,-0.11685581390430233,0.01265304833238834,0.21830144154575548
770,0.06983531393005737,-0.1252387944679254,0.19876471899571935
771,-0.0874207643781002,-0.48688753566145904,0.20337693022282854
772,0.0632422847491716,-0.011268935773519617,0.5184297732526637
773,-0.07017107015574453,-0.1989797050716987,-0.2815419137678525
774,-0.08411399043529588,-0.05100064546610639,-0.11596550178679804
775,-0.015629086236823575,0.11747827063796379,0.3528348385070099
776,0.09873272165781977,-0.1083133002607124,-0.3758835356671977
777,0.0834202827249193,-0.005256010980230874,0.6028593841243166
778,0.08964220742850504,0.2918988657735424,0.12389781454669668
779,-0.07796583769525967,0.14031579300252872,0.32797226262724766
780,0.08793008140364833,0.055900431447325705,0.10678157588997372
781,0.07794973838893338,-0.005957693408366271,0.1617157156196094
782,-0.06528758917139221,-0.3960210677277316,0.22470957471094222
783,0.028906971186829722,-0.059879657538736364,-0.3346688898205496
784,0.05198546701592566,0.09325960431489788,-0.013253604035979416
785,0.08509593867616161,0.1013415780212612,0.048956797143242636
786,0.05080281279076093,-0.5017402834980681,-0.11519153888829892
787,0.07897481719371768,-1.2412201678288066,-0.29209354249359254
788,0.1048536450968145,-0.27961385186170284,0.07199124198203855
789,0.03349755445010594,0.1470937974676485,-0.32222121396685754
790,0.05751326216551256,-0.4169134146398408,-0.4685440553920507
791,0.05156159781704872,-0.3130445134666273,-0.35240750239310903
792,-0.06715239029723996,0.14241902461160838,-0.13366513674990343
793,0.0684392932354072,-0.40616775877145506,0.22364225132995652
794,-0.0393613693271897,-0.008955940183663635,-0.08477002992828497
795,-0.00627787651294387,-0.49437065145220427,-0.4631250231301794
796,-0.1505707332300137,0.18824544957951583,-0.08195749323986146
797,-0.01242427403537505,0.18197373384775517,-0.1505958185292916
798,-0.0016700126753326217,-0.27001540435822946,-0.5901099948577241
799,-0.14647717528185122,-0.14714994931600156,-0.43474971817187136
800,-0.01766392293218999,-0.14352886118655495,0.1625202560701744
801,-0.0527824558096599,0.054730727147130454,-0.47597214523915743
802,0.046430493057915356,0.10367295535036547,0.35264485710821836
803,0.11148091903932933,0.3209797802553065,0.18094239831890457
804,0.011883726275441653,-0.04218892553158948,-0.17043889157177183
805,0.07185449780116304,0.38889285785423766,0.21917447624938258
806,0.027522248068114763,0.04042949496088011,-0.2387471711464464
807,-0.021368353867754486,-0.19906298765375907,-0.2713765467913307
808,0.005973752023329837,0.14687902631599448,0.10928738405068561
809,-0.04409967056108233,0.08855453219762266,-0.013349607840853484
810,-0.06931415235750027,-0.01786788754561064,0.3766917453427874
811,-0.055729222104550225,0.03522862332047971,-0.1571341744040059
812,-0.07632362395310732,-0.13422002443213787,-0.9568547154913878
813,0.0024374930899400127,0.265942901350233,0.1306110924175159
814,-0.038947274470535476,-0.18596545607892634,-0.249426029817731
815,-0.008645317320621793,-0.4819983084638363,0.28529657951434695
816,0.016131917710962007,0.20576753692187078,-0.3452089518137118
817,-0.06990211079800535,-0.15958278130598846,-0.2635409530449355
818,0.05864356231027035,-0.45245656068813545,0.025920059842444942
819,0.06335801220320292,0.11130974576635944,0.09059224234657937
820,0.01092961739500975,-0.6253906887886538,-0.4412470735741021
821,-0.18933198247568583,0.00289792483321194,-0.15368694921022835
822,0.029236930272833028,-0.28386398054537376,0.32358074245288204
823,0.041952811921332156,0.016980135145610253,0.12686019337342969
824,-0.032170686073620836,-0.024532092690825014,-0.021305247879449762
825,0.036232194045449084,-0.0428102342074419,0.18967714480258246
826,-0.015332807705499718,-0.33309528928633303,0.15073679136699702
827,0.03375878176322722,-0.12336937690449545,-0.0804310299733495
828,0.00010380920371044766,-0.12119046954918278,-0.18309390440721107
